{"last_epoch": 15, "log_dir": "../../results/optimizer_selection/AdamW_0.001_ExponentialLR/lightning_logs/version_0", "ckpt_path": "/home/gwatk/Documents/MVA/DL/NLP_Assemblee/results/optimizer_selection/AdamW_0.001_ExponentialLR/lightning_logs/epoch=15-step=4896.ckpt", "total_parameters": 6641666, "trainable_parameters": 2363906, "model_size": 26.566664, "hparams": {"optimizer_type": "AdamW", "learning_rate": 0.001, "optimizer_kwargs": {}, "scheduler_kwargs": {"scheduler": "ExponentialLR", "gamma": 0.99}, "criterion_type": "CrossEntropyLoss", "batch_size": 512, "loader_kwargs": {"root": "../../data/precomputed/camembert-base", "text_vars": ["intervention", "titre_regexed", "contexte"], "use_features": true, "label_var": "label", "drop_center": true, "num_workers": 12, "prefetch_factor": 4, "pin_memory": true}}, "NUM_CLASSES": 2, "INPUT_DIM": 768, "HIDDEN_DIM": 768, "MIN_DELTA": 0.001, "time_elapsed": 269.33659068400084, "metrics": {"log_loss": 0.4944712840641563, "accuracy": 0.7518954136853666, "balanced_accuracy": 0.7362451863909796, "recall": 0.6403884385991742, "precision": 0.7328705189160809, "f1_score": 0.6835153773957044, "AUC": 0.8330246273615209, "jaccard_weighted": 0.5191973879980162, "matthews_weighted": 0.48396999507413313, "hamming_loss": 0.24810458631463334, "confusion_matrix": [[45387, 9158], [14109, 25125]], "confusion_matrix_true_normed": [[0.8321019341827849, 0.16789806581721514], [0.35961156140082584, 0.6403884385991742]], "confusion_matrix_pred_normed": [[0.7628580072609923, 0.26712948108391915], [0.23714199273900766, 0.7328705189160809]], "confusion_matrix_all_normed": [[0.48397828938248433, 0.09765512534789239], [0.15044946096674094, 0.2679171243028823]]}}
