{"log_loss": 0.4944712840641563, "accuracy": 0.7518954136853666, "balanced_accuracy": 0.7362451863909796, "recall": 0.6403884385991742, "precision": 0.7328705189160809, "f1_score": 0.6835153773957044, "AUC": 0.8330246273615209, "jaccard_weighted": 0.5191973879980162, "matthews_weighted": 0.48396999507413313, "hamming_loss": 0.24810458631463334, "confusion_matrix": [[45387, 9158], [14109, 25125]], "confusion_matrix_true_normed": [[0.8321019341827849, 0.16789806581721514], [0.35961156140082584, 0.6403884385991742]], "confusion_matrix_pred_normed": [[0.7628580072609923, 0.26712948108391915], [0.23714199273900766, 0.7328705189160809]], "confusion_matrix_all_normed": [[0.48397828938248433, 0.09765512534789239], [0.15044946096674094, 0.2679171243028823]]}
