{"log_loss": 20.82770041644474, "accuracy": 0.39626118527211385, "balanced_accuracy": 0.3313610006432474, "recall_weighted": 0.39626118527211385, "recall_micro": 0.39626118527211385, "recall_macro": 0.3313610006432474, "precision_weighted": 0.3964986684192254, "precision_micro": 0.39626118527211385, "precision_macro": 0.3313542480557692, "f1_score_weighted": 0.396379348850723, "f1_score_micro": 0.39626118527211385, "f1_score_macro": 0.3313566561480987, "AUC_weighted_ovr": 0.4986115379942862, "AUC_macro_ovr": 0.4986914264761125, "AUC_weighted_ovo": 0.49866929562585255, "AUC_macro_ovo": 0.4987313707170258, "jaccard_weighted": 0.2539495352566773, "jaccard_micro": 0.2470858606358226, "jaccard_macro": 0.20771490014633942, "matthews_weighted": -0.004369004109031514, "hamming_loss": 0.6037388147278862}
