{"last_epoch": 11, "log_dir": "../../results/lm_model_selection/distiluse-base-multilingual-cased-v2/lightning_logs/version_0", "ckpt_path": "/home/gwatk/Documents/MVA/DL/NLP_Assemblee/results/lm_model_selection/distiluse-base-multilingual-cased-v2/lightning_logs/epoch=11-step=3672.ckpt", "total_parameters": 4625922, "trainable_parameters": 1774082, "model_size": 18.503688, "hparams": {"optimizer_type": "Adam", "learning_rate": 0.005, "optimizer_kwargs": {"weight_decay": 0.0001}, "scheduler_kwargs": {"monitor": "val_loss"}, "criterion_type": "CrossEntropyLoss", "batch_size": 512, "loader_kwargs": {"root": "../../data/precomputed/distiluse-base-multilingual-cased-v2", "text_vars": ["intervention", "titre_regexed", "contexte"], "use_features": true, "label_var": "label", "drop_center": true, "num_workers": 12, "prefetch_factor": 4, "pin_memory": true}}, "time_elapsed": 163.1185683779986, "metrics": {"log_loss": 0.571187714149951, "accuracy": 0.6946544535557001, "balanced_accuracy": 0.6784096488641151, "recall": 0.5789111484936534, "precision": 0.6521664226031527, "f1_score": 0.6133592579090209, "AUC": 0.7579140803047159, "jaccard_weighted": 0.44233465763028745, "matthews_weighted": 0.36429213611347466, "hamming_loss": 0.3053455464442999, "confusion_matrix": [[42431, 12114], [16521, 22713]], "confusion_matrix_true_normed": [[0.777908149234577, 0.22209185076542304], [0.42108885150634656, 0.5789111484936534]], "confusion_matrix_pred_normed": [[0.7197550549599674, 0.3478335773968473], [0.28024494504003256, 0.6521664226031527]], "confusion_matrix_all_normed": [[0.4524573731858945, 0.12917604154448223], [0.17616950489981767, 0.2421970803698056]]}}
