{"last_epoch": 14, "log_dir": "../../results/new_features/ITC_Features_Attn_4Hx2@256_LN_BS@256_FF_0.2_AdamW@0.0005_ExpLR@0.85/lightning_logs/version_0", "ckpt_path": "/home/gwatk/Documents/MVA/DL/NLP_Assemblee/results/new_features/ITC_Features_Attn_4Hx2@256_LN_BS@256_FF_0.2_AdamW@0.0005_ExpLR@0.85/lightning_logs/epoch=14-step=9165.ckpt", "total_parameters": 6002258, "trainable_parameters": 1724498, "model_size": 24.009031999999998, "hparams": {"optimizer_type": "AdamW", "learning_rate": 0.0005, "optimizer_kwargs": {"weight_decay": 0.01}, "scheduler_kwargs": {"scheduler": "ReduceLROnPlateau", "mode": "min", "factor": 0.5, "patience": 5, "monitor": "val_loss"}, "criterion_type": "CrossEntropyLoss", "batch_size": 256, "loader_kwargs": {"root": "../../data/precomputed/camembert-base", "text_vars": ["intervention", "titre_regexed", "contexte"], "use_features": true, "label_var": "label", "drop_center": true, "num_workers": 12, "prefetch_factor": 4, "pin_memory": true}}, "NUM_CLASSES": 2, "INPUT_DIM": 768, "HIDDEN_DIM": 256, "MIN_DELTA": 0.0, "time_elapsed": 980.954816441, "metrics": {"log_loss": 0.46748832141866403, "accuracy": 0.7675918915748728, "balanced_accuracy": 0.7555124032033498, "recall": 0.6815262272518734, "precision": 0.7419462249230001, "f1_score": 0.7104539476306246, "AUC": 0.8528713036424034, "jaccard_weighted": 0.5509333662999134, "matthews_weighted": 0.5182341087003476, "hamming_loss": 0.23240810842512716, "confusion_matrix": [[45245, 9300], [12495, 26739]], "confusion_matrix_true_normed": [[0.8294985791548263, 0.17050142084517372], [0.3184737727481266, 0.6815262272518734]], "confusion_matrix_pred_normed": [[0.783598891582958, 0.2580537750769999], [0.2164011084170419, 0.7419462249230001]], "confusion_matrix_all_normed": [[0.4824640911078173, 0.09916932362255942], [0.13323878480256773, 0.28512780046705555]]}}
