{"log_loss": 0.46748832141866403, "accuracy": 0.7675918915748728, "balanced_accuracy": 0.7555124032033498, "recall": 0.6815262272518734, "precision": 0.7419462249230001, "f1_score": 0.7104539476306246, "AUC": 0.8528713036424034, "jaccard_weighted": 0.5509333662999134, "matthews_weighted": 0.5182341087003476, "hamming_loss": 0.23240810842512716, "confusion_matrix": [[45245, 9300], [12495, 26739]], "confusion_matrix_true_normed": [[0.8294985791548263, 0.17050142084517372], [0.3184737727481266, 0.6815262272518734]], "confusion_matrix_pred_normed": [[0.783598891582958, 0.2580537750769999], [0.2164011084170419, 0.7419462249230001]], "confusion_matrix_all_normed": [[0.4824640911078173, 0.09916932362255942], [0.13323878480256773, 0.28512780046705555]]}
