{"last_epoch": 19, "log_dir": "../../results/new_features/4_1024_0.2_0.01_itc_Features/lightning_logs/version_0", "ckpt_path": "/home/gwatk/Documents/MVA/DL/NLP_Assemblee/results/new_features/4_1024_0.2_0.01_itc_Features/lightning_logs/epoch=19-step=6120.ckpt", "total_parameters": 3938306, "trainable_parameters": 3938306, "model_size": 15.753224, "hparams": {"optimizer_type": "Adam", "learning_rate": 0.0005, "optimizer_kwargs": {}, "scheduler_kwargs": {"scheduler": "ReduceLROnPlateau", "factor": 0.5, "monitor": "val_loss", "patience": 3}, "criterion_type": "CrossEntropyLoss", "batch_size": 512, "loader_kwargs": {"root": "../../data/precomputed/camembert-base", "text_vars": ["intervention", "titre_regexed", "contexte"], "use_features": true, "label_var": "label", "drop_center": true, "num_workers": 12, "prefetch_factor": 4, "pin_memory": true}}, "NUM_CLASSES": 2, "INPUT_DIM": 768, "HIDDEN_DIM": 1024, "MIN_DELTA": 0.001, "time_elapsed": 311.98323521399993, "metrics": {"log_loss": 0.5565245708267896, "accuracy": 0.706480128813487, "balanced_accuracy": 0.6866831723181388, "recall": 0.5654279451496151, "precision": 0.6792406613594612, "f1_score": 0.6171307758644673, "AUC": 0.7735028448562079, "jaccard_weighted": 0.44626835646751156, "matthews_weighted": 0.3865874264237345, "hamming_loss": 0.29351987118651296, "confusion_matrix": [[44069, 10476], [17050, 22184]], "confusion_matrix_true_normed": [[0.8079383994866624, 0.19206160051333762], [0.43457205485038486, 0.5654279451496151]], "confusion_matrix_pred_normed": [[0.7210360117148513, 0.3207593386405389], [0.2789639882851486, 0.6792406613594612]], "confusion_matrix_all_normed": [[0.4699239701852227, 0.11170944454515404], [0.18181042664135894, 0.23655615862826432]]}}
