{"log_loss": 0.5565245708267896, "accuracy": 0.706480128813487, "balanced_accuracy": 0.6866831723181388, "recall": 0.5654279451496151, "precision": 0.6792406613594612, "f1_score": 0.6171307758644673, "AUC": 0.7735028448562079, "jaccard_weighted": 0.44626835646751156, "matthews_weighted": 0.3865874264237345, "hamming_loss": 0.29351987118651296, "confusion_matrix": [[44069, 10476], [17050, 22184]], "confusion_matrix_true_normed": [[0.8079383994866624, 0.19206160051333762], [0.43457205485038486, 0.5654279451496151]], "confusion_matrix_pred_normed": [[0.7210360117148513, 0.3207593386405389], [0.2789639882851486, 0.6792406613594612]], "confusion_matrix_all_normed": [[0.4699239701852227, 0.11170944454515404], [0.18181042664135894, 0.23655615862826432]]}
