{"last_epoch": 24, "log_dir": "../../results/new_features/3_768_0.5_0.1_itc_F_CONT/lightning_logs/version_2", "ckpt_path": "../../results/new_features/3_768_0.5_0.1_itc_F_CONT/lightning_logs/epoch=24-step=7650.ckpt", "total_parameters": 8411906, "trainable_parameters": 8411906, "model_size": 33.647624, "hparams": {"optimizer_type": "AdamW", "learning_rate": 0.001, "optimizer_kwargs": {}, "scheduler_kwargs": {"scheduler": "ExponentialLR", "gamma": 0.9}, "criterion_type": "CrossEntropyLoss", "batch_size": 512, "loader_kwargs": {"root": "../../data/precomputed/camembert-base", "text_vars": ["intervention", "titre_regexed", "contexte"], "use_features": true, "label_var": "label", "drop_center": true, "num_workers": 12, "prefetch_factor": 4, "pin_memory": true}}, "NUM_CLASSES": 2, "INPUT_DIM": 768, "HIDDEN_DIM": 768, "MIN_DELTA": 0.001, "time_elapsed": 290.02439732000494, "metrics": {"log_loss": 0.49799113251072247, "accuracy": 0.7490696211305303, "balanced_accuracy": 0.7357978267132108, "recall": 0.6545088443696794, "precision": 0.7201873457482612, "f1_score": 0.6857791427426893, "AUC": 0.8306152984572521, "jaccard_weighted": 0.5218142285261426, "matthews_weighted": 0.47922364594837236, "hamming_loss": 0.25093037886946973, "confusion_matrix": [[44568, 9977], [13555, 25679]], "confusion_matrix_true_normed": [[0.8170868090567421, 0.18291319094325786], [0.3454911556303206, 0.6545088443696794]], "confusion_matrix_pred_normed": [[0.7667876744146035, 0.27981265425173885], [0.23321232558539648, 0.7201873457482612]], "confusion_matrix_all_normed": [[0.47524499088282024, 0.1063884238475565], [0.14454195502191322, 0.27382463024771003]]}}
