{"log_loss": 0.49799113251072247, "accuracy": 0.7490696211305303, "balanced_accuracy": 0.7357978267132108, "recall": 0.6545088443696794, "precision": 0.7201873457482612, "f1_score": 0.6857791427426893, "AUC": 0.8306152984572521, "jaccard_weighted": 0.5218142285261426, "matthews_weighted": 0.47922364594837236, "hamming_loss": 0.25093037886946973, "confusion_matrix": [[44568, 9977], [13555, 25679]], "confusion_matrix_true_normed": [[0.8170868090567421, 0.18291319094325786], [0.3454911556303206, 0.6545088443696794]], "confusion_matrix_pred_normed": [[0.7667876744146035, 0.27981265425173885], [0.23321232558539648, 0.7201873457482612]], "confusion_matrix_all_normed": [[0.47524499088282024, 0.1063884238475565], [0.14454195502191322, 0.27382463024771003]]}
