{"last_epoch": 46, "log_dir": "../../results/lm_model_selection/camembert-base/lightning_logs/version_0", "ckpt_path": "../../results/lm_model_selection/camembert-base/lightning_logs/version_0/checkpoints/epoch=46-step=66787.ckpt", "total_parameters": 6642435, "trainable_parameters": 2364675, "model_size": 26.56974, "hparams": {"optimizer_type": "Adam", "learning_rate": 0.005, "optimizer_kwargs": {"weight_decay": 0.0001}, "scheduler_kwargs": {"scheduler": "ReduceLROnPlateau", "mode": "min", "factor": 0.1, "patience": 3, "interval": "epoch", "frequency": 1, "strict": true, "monitor": "val_loss"}, "criterion_type": "CrossEntropyLoss", "batch_size": 128, "loader_kwargs": {"root": "../../data/precomputed/camembert-base", "text_vars": ["intervention", "titre_regexed", "contexte"], "use_features": true, "label_var": "label", "num_workers": 12, "prefetch_factor": 4, "pin_memory": true}}, "time_elapsed": 1532.8656766249997, "metrics": {"log_loss": 0.7819652861936575, "accuracy": 0.642135470148159, "balanced_accuracy": 0.5164786722489314, "recall_weighted": 0.642135470148159, "recall_micro": 0.642135470148159, "recall_macro": 0.5164786722489314, "precision_weighted": 0.6370006122773173, "precision_micro": 0.642135470148159, "precision_macro": 0.6281713525855175, "f1_score_weighted": 0.6138084318566877, "f1_score_micro": 0.642135470148159, "f1_score_macro": 0.519492065263448, "AUC_weighted_ovr": 0.7857361119238075, "AUC_macro_ovr": 0.7846256591389089, "AUC_weighted_ovo": 0.7783972171237793, "AUC_macro_ovo": 0.7756037793064986, "jaccard_weighted": 0.46016962273906314, "jaccard_micro": 0.4729009824111272, "jaccard_macro": 0.37824311206741296, "matthews_weighted": 0.37115462487781603, "hamming_loss": 0.357864529851841, "confusion_matrix": [[44263, 813, 9469], [9423, 2029, 3841], [14940, 547, 23747]], "confusion_matrix_true_normed": [[0.8114950957924649, 0.014905124209368412, 0.17359977999816664], [0.6161642581573269, 0.13267508010200746, 0.25116066174066565], [0.38079217005658356, 0.013941989091094458, 0.6052658408523219]], "confusion_matrix_pred_normed": [[0.6449887797627721, 0.23989377397462378, 0.2555252718784575], [0.13730947454317605, 0.5987016819120684, 0.10365113203983053], [0.21770174569405182, 0.16140454411330776, 0.6408235960817119]], "confusion_matrix_all_normed": [[0.405814507848027, 0.007453791990611706, 0.0868142144638404], [0.08639247469561391, 0.018602391081120728, 0.035215270646912135], [0.13697374211529997, 0.005015035939562857, 0.2177185712190113]]}}
