{"log_loss": 0.7694378406402423, "accuracy": 0.6478656300425407, "balanced_accuracy": 0.5265594872773125, "recall_weighted": 0.6478656300425407, "recall_micro": 0.6478656300425407, "recall_macro": 0.5265594872773125, "precision_weighted": 0.6448711079944232, "precision_micro": 0.6478656300425407, "precision_macro": 0.6400811446545781, "f1_score_weighted": 0.6220240730153113, "f1_score_micro": 0.6478656300425407, "f1_score_macro": 0.5313956388540538, "AUC_weighted_ovr": 0.792878313637955, "AUC_macro_ovr": 0.7926840114900638, "AUC_weighted_ovo": 0.7863126376094416, "AUC_macro_ovo": 0.7836370582311721, "jaccard_weighted": 0.4677177327927956, "jaccard_micro": 0.4791429346352048, "jaccard_macro": 0.3878327193773103, "matthews_weighted": 0.3830535211948647, "hamming_loss": 0.3521343699574593, "confusion_matrix": [[43562, 801, 10182], [8946, 2262, 4085], [13859, 535, 24840]], "confusion_matrix_true_normed": [[0.7986433220276835, 0.0146851223760198, 0.18667155559629664], [0.5849735172954946, 0.1479108088668018, 0.2671156738377035], [0.3532395371361574, 0.013636131926390375, 0.6331243309374522]], "confusion_matrix_pred_normed": [[0.6563804300329983, 0.2226236798221234, 0.26036259493185365], [0.13479590760468305, 0.6286826014452473, 0.10445700258265783], [0.2088236623623186, 0.14869371873262924, 0.6351804024854886]], "confusion_matrix_all_normed": [[0.39938756051048846, 0.007343772920639578, 0.09335118087135104], [0.0820192166642218, 0.02073859468974622, 0.037452325069678744], [0.1270628575619774, 0.004905016869590729, 0.227739474842306]]}
