{"last_epoch": 14, "log_dir": "../../results/new_features/3_1024_0.2_0.02_itc/lightning_logs/version_0", "ckpt_path": "/home/gwatk/Documents/MVA/DL/NLP_Assemblee/results/new_features/3_1024_0.2_0.02_itc/lightning_logs/epoch=14-step=4590.ckpt", "total_parameters": 8741378, "trainable_parameters": 8741378, "model_size": 34.965512, "hparams": {"optimizer_type": "Adam", "learning_rate": 0.0005, "optimizer_kwargs": {}, "scheduler_kwargs": {"monitor": "val_loss"}, "criterion_type": "CrossEntropyLoss", "batch_size": 512, "loader_kwargs": {"root": "../../data/precomputed/camembert-base", "text_vars": ["intervention", "titre_regexed", "contexte"], "use_features": true, "label_var": "label", "drop_center": true, "num_workers": 12, "prefetch_factor": 4, "pin_memory": true}}, "NUM_CLASSES": 2, "INPUT_DIM": 768, "HIDDEN_DIM": 1024, "MIN_DELTA": 0.001, "time_elapsed": 296.7426391230001, "metrics": {"log_loss": 0.5021675769521544, "accuracy": 0.7483445120975911, "balanced_accuracy": 0.7414311954579197, "recall": 0.6990875261252995, "precision": 0.6993014124725919, "f1_score": 0.6991944529417763, "AUC": 0.8312399425812449, "jaccard_weighted": 0.5375088186877792, "matthews_weighted": 0.48288313665372745, "hamming_loss": 0.2516554879024089, "confusion_matrix": [[42751, 11794], [11806, 27428]], "confusion_matrix_true_normed": [[0.7837748647905399, 0.21622513520946007], [0.3009124738747005, 0.6990875261252995]], "confusion_matrix_pred_normed": [[0.7836024708103452, 0.3006985875274081], [0.21639752918965485, 0.6993014124725919]], "confusion_matrix_all_normed": [[0.45586965098796106, 0.12576376374241569], [0.12589172415999317, 0.2924748611096301]]}}
