{"log_loss": 0.5021675769521544, "accuracy": 0.7483445120975911, "balanced_accuracy": 0.7414311954579197, "recall": 0.6990875261252995, "precision": 0.6993014124725919, "f1_score": 0.6991944529417763, "AUC": 0.8312399425812449, "jaccard_weighted": 0.5375088186877792, "matthews_weighted": 0.48288313665372745, "hamming_loss": 0.2516554879024089, "confusion_matrix": [[42751, 11794], [11806, 27428]], "confusion_matrix_true_normed": [[0.7837748647905399, 0.21622513520946007], [0.3009124738747005, 0.6990875261252995]], "confusion_matrix_pred_normed": [[0.7836024708103452, 0.3006985875274081], [0.21639752918965485, 0.6993014124725919]], "confusion_matrix_all_normed": [[0.45586965098796106, 0.12576376374241569], [0.12589172415999317, 0.2924748611096301]]}
