{
  "last_epoch": 90,
  "log_dir": "../../../lightning_logs/version_39",
  "ckpt_path": "../../../lightning_logs/version_39/checkpoints/epoch=90-step=63336.ckpt",
  "total_parameters": 5317379,
  "trainable_parameters": 5317379,
  "model_size": 21.269516,
  "hparams": {
    "optimizer_type": "Adam",
    "learning_rate": 0.0001,
    "optimizer_kwargs": {},
    "scheduler_kwargs": {
      "scheduler": "ReduceLROnPlateau",
      "mode": "min",
      "factor": 0.1,
      "patience": 5,
      "interval": "epoch",
      "frequency": 1,
      "strict": true,
      "monitor": "val_loss"
    },
    "criterion_type": "CrossEntropyLoss",
    "batch_size": 256,
    "loader_kwargs": {
      "root": "../../../data/",
      "bert_type": "camembert",
      "text_vars": ["intervention", "titre_complet", "profession"],
      "use_features": true,
      "label_var": "label",
      "num_workers": 12,
      "prefetch_factor": 4,
      "pin_memory": true
    }
  },
  "time_elapsed": 1060.6396181810014,
  "metrics": {
    "log_loss": 0.08252871164945258,
    "accuracy": 0.9729154823684741,
    "balanced_accuracy": 0.9718781386344086,
    "recall_weighted": 0.9729154823684741,
    "recall_micro": 0.9729154823684741,
    "recall_macro": 0.9718781386344086,
    "precision_weighted": 0.9729660755348282,
    "precision_micro": 0.9729154823684741,
    "precision_macro": 0.9710013736885871,
    "f1_score_weighted": 0.972899672414853,
    "f1_score_micro": 0.9729154823684741,
    "f1_score_macro": 0.9713987780505301,
    "AUC_weighted_ovr": 0.997215602222566,
    "AUC_macro_ovr": 0.9976484614719551,
    "AUC_weighted_ovo": 0.9977088347447753,
    "AUC_macro_ovo": 0.9978996843356076,
    "jaccard_weighted": 0.9472568832051224,
    "jaccard_micro": 0.9472594179610784,
    "jaccard_macro": 0.9444149679365424,
    "matthews_weighted": 0.9549500626264886,
    "hamming_loss": 0.027084517631525865
  }
}
