{"last_epoch": 19, "log_dir": "../../results/new_features/3_1024_0.3_0.1_itcp_F/lightning_logs/version_0", "ckpt_path": "/home/gwatk/Documents/MVA/DL/NLP_Assemblee/results/new_features/3_1024_0.3_0.1_itcp_F/lightning_logs/epoch=19-step=6120.ckpt", "total_parameters": 9764610, "trainable_parameters": 5251074, "model_size": 39.05844, "hparams": {"optimizer_type": "AdamW", "learning_rate": 0.001, "optimizer_kwargs": {}, "scheduler_kwargs": {}, "criterion_type": "CrossEntropyLoss", "batch_size": 512, "loader_kwargs": {"root": "../../data/precomputed/camembert-base", "text_vars": ["intervention", "titre_regexed", "contexte", "profession"], "use_features": true, "label_var": "label", "drop_center": true, "num_workers": 12, "prefetch_factor": 4, "pin_memory": true}}, "NUM_CLASSES": 2, "INPUT_DIM": 768, "HIDDEN_DIM": 1024, "MIN_DELTA": 0.001, "time_elapsed": 293.36044350700104, "metrics": {"log_loss": 0.09648242709876081, "accuracy": 0.9615798846223568, "balanced_accuracy": 0.9603077046720712, "recall": 0.952515675179691, "precision": 0.955511237247833, "f1_score": 0.9540111047290828, "AUC": 0.9946928966544977, "jaccard_weighted": 0.9120661883145409, "matthews_weighted": 0.9210240140630553, "hamming_loss": 0.038420115377643185, "confusion_matrix": [[52805, 1740], [1863, 37371]], "confusion_matrix_true_normed": [[0.9680997341644514, 0.03190026583554863], [0.04748432482030891, 0.952515675179691]], "confusion_matrix_pred_normed": [[0.96592156288871, 0.044488762752166906], [0.034078437111289966, 0.955511237247833]], "confusion_matrix_all_normed": [[0.5630791541816398, 0.018554260548736923], [0.01986585482890626, 0.398500730440717]]}}
