{"last_epoch": 6, "log_dir": "../../results/optimizer_selection/Adagrad_0.0001_ReduceLROnPlateau/lightning_logs/version_0", "ckpt_path": "/home/gwatk/Documents/MVA/DL/NLP_Assemblee/results/optimizer_selection/Adagrad_0.0001_ReduceLROnPlateau/lightning_logs/epoch=6-step=2142.ckpt", "total_parameters": 6641666, "trainable_parameters": 2363906, "model_size": 26.566664, "hparams": {"optimizer_type": "Adagrad", "learning_rate": 0.0001, "optimizer_kwargs": {}, "scheduler_kwargs": {"scheduler": "ReduceLROnPlateau", "mode": "min", "factor": 0.1, "patience": 3, "monitor": "val_loss"}, "criterion_type": "CrossEntropyLoss", "batch_size": 512, "loader_kwargs": {"root": "../../data/precomputed/camembert-base", "text_vars": ["intervention", "titre_regexed", "contexte"], "use_features": true, "label_var": "label", "drop_center": true, "num_workers": 12, "prefetch_factor": 4, "pin_memory": true}}, "NUM_CLASSES": 2, "INPUT_DIM": 768, "HIDDEN_DIM": 768, "MIN_DELTA": 0.001, "time_elapsed": 72.73022605699953, "metrics": {"log_loss": 0.6083109148004722, "accuracy": 0.6685398650017594, "balanced_accuracy": 0.6392471239489688, "recall": 0.4598307590355304, "precision": 0.6458900186166404, "f1_score": 0.5372063246285322, "AUC": 0.7207329043548047, "jaccard_weighted": 0.3672468193384224, "matthews_weighted": 0.3004041881461535, "hamming_loss": 0.33146013499824056, "confusion_matrix": [[44654, 9891], [21193, 18041]], "confusion_matrix_true_normed": [[0.8186634888624071, 0.1813365111375928], [0.5401692409644696, 0.4598307590355304]], "confusion_matrix_pred_normed": [[0.6781478275395993, 0.3541099813833596], [0.3218521724604006, 0.6458900186166404]], "confusion_matrix_all_normed": [[0.47616204054212563, 0.1054713741882511], [0.22598876080998945, 0.1923778244596338]]}}
