{"log_loss": 0.49040826451621083, "accuracy": 0.7533562951193764, "balanced_accuracy": 0.741536230763385, "recall": 0.669139012081358, "precision": 0.7211966375473875, "f1_score": 0.6941932413136602, "AUC": 0.8346122152503044, "jaccard_weighted": 0.5316201931838892, "matthews_weighted": 0.4889782096890578, "hamming_loss": 0.2466437048806236, "confusion_matrix": [[44396, 10149], [12981, 26253]], "confusion_matrix_true_normed": [[0.813933449445412, 0.18606655055458796], [0.330860987918642, 0.669139012081358]], "confusion_matrix_pred_normed": [[0.7737595203653032, 0.2788033624526125], [0.22624047963469682, 0.7211966375473875]], "confusion_matrix_all_normed": [[0.47341089156420946, 0.10822252316616726], [0.13842118171445633, 0.27994540355516695]]}
