{"last_epoch": 16, "log_dir": "../../results/lm_model_selection/xlm-roberta-base_unfrozen/lightning_logs/version_0", "ckpt_path": "/home/gwatk/Documents/MVA/DL/NLP_Assemblee/results/lm_model_selection/xlm-roberta-base_unfrozen/lightning_logs/epoch=16-step=5202.ckpt", "total_parameters": 6641666, "trainable_parameters": 6641666, "model_size": 26.566664, "hparams": {"optimizer_type": "Adam", "learning_rate": 0.005, "optimizer_kwargs": {"weight_decay": 0.0001}, "scheduler_kwargs": {"monitor": "val_loss"}, "criterion_type": "CrossEntropyLoss", "batch_size": 512, "loader_kwargs": {"root": "../../data/precomputed/xlm-roberta-base", "text_vars": ["intervention", "titre_regexed", "contexte"], "use_features": true, "label_var": "label", "drop_center": true, "num_workers": 12, "prefetch_factor": 4, "pin_memory": true}}, "time_elapsed": 232.66115610100132, "metrics": {"log_loss": 0.5335263837624867, "accuracy": 0.7201612301261476, "balanced_accuracy": 0.6987911022901283, "recall": 0.5679002905643065, "precision": 0.7057426118906591, "f1_score": 0.6293623331685615, "AUC": 0.7962026139558708, "jaccard_weighted": 0.4591748413156376, "matthews_weighted": 0.41501941689854116, "hamming_loss": 0.27983876987385237, "confusion_matrix": [[45255, 9290], [16953, 22281]], "confusion_matrix_true_normed": [[0.8296819140159502, 0.17031808598404988], [0.43209970943569354, 0.5679002905643065]], "confusion_matrix_pred_normed": [[0.7274787808641975, 0.2942573881093409], [0.27252121913580246, 0.7057426118906591]], "confusion_matrix_all_normed": [[0.4825707247891319, 0.09906268994124484], [0.18077607993260753, 0.23759050533701576]]}}
