{"log_loss": 0.5335263837624867, "accuracy": 0.7201612301261476, "balanced_accuracy": 0.6987911022901283, "recall": 0.5679002905643065, "precision": 0.7057426118906591, "f1_score": 0.6293623331685615, "AUC": 0.7962026139558708, "jaccard_weighted": 0.4591748413156376, "matthews_weighted": 0.41501941689854116, "hamming_loss": 0.27983876987385237, "confusion_matrix": [[45255, 9290], [16953, 22281]], "confusion_matrix_true_normed": [[0.8296819140159502, 0.17031808598404988], [0.43209970943569354, 0.5679002905643065]], "confusion_matrix_pred_normed": [[0.7274787808641975, 0.2942573881093409], [0.27252121913580246, 0.7057426118906591]], "confusion_matrix_all_normed": [[0.4825707247891319, 0.09906268994124484], [0.18077607993260753, 0.23759050533701576]]}
