{"log_loss": 16.778260564162032, "accuracy": 0.5082801053540772, "balanced_accuracy": 0.49453301532861027, "recall": 0.41033287454758627, "precision": 0.4119814724774164, "f1_score": 0.41115552093575614, "AUC": 0.5005761452448731, "jaccard_weighted": 0.2587764418440172, "matthews_weighted": -0.010940178518576989, "hamming_loss": 0.49171989464592286, "confusion_matrix": [[31567, 22978], [23135, 16099]], "confusion_matrix_true_normed": [[0.5787331561096343, 0.4212668438903657], [0.5896671254524137, 0.41033287454758627]], "confusion_matrix_pred_normed": [[0.5770721363021462, 0.5880185275225837], [0.42292786369785385, 0.4119814724774164]], "confusion_matrix_all_normed": [[0.33661054180573474, 0.24502287292464198], [0.24669702172128088, 0.17166956354834237]]}
