{"last_epoch": 19, "log_dir": "../../results/optimizer_selection/Adam_0.001_ExponentialLR-0.93-(0.91, 0.997)/lightning_logs/version_0", "ckpt_path": "/home/gwatk/Documents/MVA/DL/NLP_Assemblee/results/optimizer_selection/Adam_0.001_ExponentialLR-0.93-(0.91, 0.997)/lightning_logs/epoch=19-step=6120.ckpt", "total_parameters": 6641666, "trainable_parameters": 2363906, "model_size": 26.566664, "hparams": {"optimizer_type": "Adam", "learning_rate": 0.001, "optimizer_kwargs": {"betas": [0.91, 0.997]}, "scheduler_kwargs": {"scheduler": "ExponentialLR", "gamma": 0.93}, "criterion_type": "CrossEntropyLoss", "batch_size": 512, "loader_kwargs": {"root": "../../data/precomputed/camembert-base", "text_vars": ["intervention", "titre_regexed", "contexte"], "use_features": true, "label_var": "label", "drop_center": true, "num_workers": 12, "prefetch_factor": 4, "pin_memory": true}}, "NUM_CLASSES": 2, "INPUT_DIM": 768, "HIDDEN_DIM": 768, "MIN_DELTA": 0.001, "time_elapsed": 296.4903870620037, "metrics": {"log_loss": 0.4897917228589922, "accuracy": 0.7529937406029068, "balanced_accuracy": 0.7391032193538997, "recall": 0.6540245705255645, "precision": 0.7279432624113475, "f1_score": 0.689007035067934, "AUC": 0.8346216513835514, "jaccard_weighted": 0.5255611994101261, "matthews_weighted": 0.487033767883381, "hamming_loss": 0.24700625939709317, "confusion_matrix": [[44955, 9590], [13574, 25660]], "confusion_matrix_true_normed": [[0.8241818681822348, 0.17581813181776515], [0.34597542947443544, 0.6540245705255645]], "confusion_matrix_pred_normed": [[0.7680807804678023, 0.2720567375886525], [0.2319192195321977, 0.7279432624113475]], "confusion_matrix_all_normed": [[0.4793717143496945, 0.10226170038068225], [0.14474455901641092, 0.27362202625321236]]}}
