{"log_loss": 0.4897917228589922, "accuracy": 0.7529937406029068, "balanced_accuracy": 0.7391032193538997, "recall": 0.6540245705255645, "precision": 0.7279432624113475, "f1_score": 0.689007035067934, "AUC": 0.8346216513835514, "jaccard_weighted": 0.5255611994101261, "matthews_weighted": 0.487033767883381, "hamming_loss": 0.24700625939709317, "confusion_matrix": [[44955, 9590], [13574, 25660]], "confusion_matrix_true_normed": [[0.8241818681822348, 0.17581813181776515], [0.34597542947443544, 0.6540245705255645]], "confusion_matrix_pred_normed": [[0.7680807804678023, 0.2720567375886525], [0.2319192195321977, 0.7279432624113475]], "confusion_matrix_all_normed": [[0.4793717143496945, 0.10226170038068225], [0.14474455901641092, 0.27362202625321236]]}
