{"log_loss": 0.5237892804374656, "accuracy": 0.7257488350270317, "balanced_accuracy": 0.7155140574880909, "recall": 0.6528266299638069, "precision": 0.6791917477659039, "f1_score": 0.6657482617454026, "AUC": 0.8037741423201602, "jaccard_weighted": 0.4989675056494974, "matthews_weighted": 0.4336334833645859, "hamming_loss": 0.27425116497296836, "confusion_matrix": [[42447, 12098], [13621, 25613]], "confusion_matrix_true_normed": [[0.7782014850123751, 0.2217985149876249], [0.3471733700361931, 0.6528266299638069]], "confusion_matrix_pred_normed": [[0.7570628522508382, 0.32080825223409615], [0.24293714774916172, 0.6791917477659039]], "confusion_matrix_all_normed": [[0.45262798707599783, 0.12900542765437892], [0.14524573731858945, 0.2731208479510338]]}
