{"log_loss": 0.49198971429734845, "accuracy": 0.748387165570117, "balanced_accuracy": 0.7336049450001725, "recall": 0.643064688790335, "precision": 0.7245419562345644, "f1_score": 0.6813762558064168, "AUC": 0.8310843324800556, "jaccard_weighted": 0.5167328882152952, "matthews_weighted": 0.47700864556342426, "hamming_loss": 0.251612834429883, "confusion_matrix": [[44953, 9592], [14004, 25230]], "confusion_matrix_true_normed": [[0.8241452012100101, 0.1758547987899899], [0.3569353112096651, 0.643064688790335]], "confusion_matrix_pred_normed": [[0.7624709534067201, 0.27545804376543565], [0.23752904659327984, 0.7245419562345644]], "confusion_matrix_all_normed": [[0.47935038761343157, 0.10228302711694516], [0.14932980731293785, 0.2690367779566854]]}
