{"last_epoch": 14, "log_dir": "../../results/new_features/3_384_0.2_0.1_itc_F/lightning_logs/version_1", "ckpt_path": "/home/gwatk/Documents/MVA/DL/NLP_Assemblee/results/new_features/3_384_0.2_0.1_itc_F/lightning_logs/epoch=14-step=4590.ckpt", "total_parameters": 7395970, "trainable_parameters": 3118210, "model_size": 29.583879999999997, "hparams": {"optimizer_type": "AdamW", "learning_rate": 0.001, "optimizer_kwargs": {}, "scheduler_kwargs": {"scheduler": "ExponentialLR", "gamma": 0.93}, "criterion_type": "CrossEntropyLoss", "batch_size": 512, "loader_kwargs": {"root": "../../data/precomputed/camembert-base", "text_vars": ["intervention", "titre_regexed", "contexte"], "use_features": true, "label_var": "label", "drop_center": true, "num_workers": 12, "prefetch_factor": 4, "pin_memory": true}}, "NUM_CLASSES": 2, "INPUT_DIM": 768, "HIDDEN_DIM": 384, "MIN_DELTA": 0.001, "time_elapsed": 269.26882565200503, "metrics": {"log_loss": 0.49150190311603686, "accuracy": 0.7509570372897983, "balanced_accuracy": 0.7384827999596807, "recall": 0.6620788091961054, "precision": 0.7200953621822416, "f1_score": 0.68986946764577, "AUC": 0.8312481714819544, "jaccard_weighted": 0.5265654456629706, "matthews_weighted": 0.48360881453699056, "hamming_loss": 0.24904296271020165, "confusion_matrix": [[44448, 10097], [13258, 25976]], "confusion_matrix_true_normed": [[0.814886790723256, 0.18511320927674396], [0.3379211908038946, 0.6620788091961054]], "confusion_matrix_pred_normed": [[0.7702491941912453, 0.27990463781775843], [0.22975080580875473, 0.7200953621822416]], "confusion_matrix_all_normed": [[0.4739653867070453, 0.10766802802333145], [0.1413749346868702, 0.27699165058275305]]}}
