{"log_loss": 0.49150190311603686, "accuracy": 0.7509570372897983, "balanced_accuracy": 0.7384827999596807, "recall": 0.6620788091961054, "precision": 0.7200953621822416, "f1_score": 0.68986946764577, "AUC": 0.8312481714819544, "jaccard_weighted": 0.5265654456629706, "matthews_weighted": 0.48360881453699056, "hamming_loss": 0.24904296271020165, "confusion_matrix": [[44448, 10097], [13258, 25976]], "confusion_matrix_true_normed": [[0.814886790723256, 0.18511320927674396], [0.3379211908038946, 0.6620788091961054]], "confusion_matrix_pred_normed": [[0.7702491941912453, 0.27990463781775843], [0.22975080580875473, 0.7200953621822416]], "confusion_matrix_all_normed": [[0.4739653867070453, 0.10766802802333145], [0.1413749346868702, 0.27699165058275305]]}
