{"last_epoch": 3, "log_dir": "../../results/new_features/3_1024_0.3_0.1_itc_Features_Frozed/lightning_logs/version_1", "ckpt_path": "/home/gwatk/Documents/MVA/DL/NLP_Assemblee/results/new_features/3_1024_0.3_0.1_itc_Features_Frozed/lightning_logs/epoch=3-step=1224.ckpt", "total_parameters": 8744450, "trainable_parameters": 4466690, "model_size": 34.977799999999995, "hparams": {"optimizer_type": "AdamW", "learning_rate": 0.001, "optimizer_kwargs": {}, "scheduler_kwargs": {}, "criterion_type": "CrossEntropyLoss", "batch_size": 512, "loader_kwargs": {"root": "../../data/precomputed/camembert-base", "text_vars": ["intervention", "titre_regexed", "contexte"], "use_features": true, "label_var": "label", "drop_center": true, "num_workers": 12, "prefetch_factor": 4, "pin_memory": true}}, "NUM_CLASSES": 2, "INPUT_DIM": 768, "HIDDEN_DIM": 1024, "MIN_DELTA": 0.001, "time_elapsed": 179.12749816299765, "metrics": {"log_loss": 0.5165469336016122, "accuracy": 0.7316670043399909, "balanced_accuracy": 0.7249265622013095, "recall": 0.6836417393077433, "precision": 0.6777682316672563, "f1_score": 0.6806923155009644, "AUC": 0.8118986906622719, "jaccard_weighted": 0.5159466010079636, "matthews_weighted": 0.4493190779443739, "hamming_loss": 0.2683329956600092, "confusion_matrix": [[41793, 12752], [12412, 26822]], "confusion_matrix_true_normed": [[0.7662113850948757, 0.2337886149051242], [0.3163582606922567, 0.6836417393077433]], "confusion_matrix_pred_normed": [[0.7710174338160686, 0.3222317683327437], [0.22898256618393137, 0.6777682316672563]], "confusion_matrix_all_normed": [[0.4456541443180243, 0.13597927041235244], [0.13235372524765673, 0.2860128600219665]]}}
