{"log_loss": 0.5165469336016122, "accuracy": 0.7316670043399909, "balanced_accuracy": 0.7249265622013095, "recall": 0.6836417393077433, "precision": 0.6777682316672563, "f1_score": 0.6806923155009644, "AUC": 0.8118986906622719, "jaccard_weighted": 0.5159466010079636, "matthews_weighted": 0.4493190779443739, "hamming_loss": 0.2683329956600092, "confusion_matrix": [[41793, 12752], [12412, 26822]], "confusion_matrix_true_normed": [[0.7662113850948757, 0.2337886149051242], [0.3163582606922567, 0.6836417393077433]], "confusion_matrix_pred_normed": [[0.7710174338160686, 0.3222317683327437], [0.22898256618393137, 0.6777682316672563]], "confusion_matrix_all_normed": [[0.4456541443180243, 0.13597927041235244], [0.13235372524765673, 0.2860128600219665]]}
