{"last_epoch": 14, "log_dir": "../../results/optimizer_selection/AdamW_0.001_(0.85, 0.997)/lightning_logs/version_0", "ckpt_path": "/home/gwatk/Documents/MVA/DL/NLP_Assemblee/results/optimizer_selection/AdamW_0.001_(0.85, 0.997)/lightning_logs/epoch=14-step=4590.ckpt", "total_parameters": 6641666, "trainable_parameters": 2363906, "model_size": 26.566664, "hparams": {"optimizer_type": "AdamW", "learning_rate": 0.001, "optimizer_kwargs": {"betas": [0.85, 0.997], "weight_decay": 0.005}, "scheduler_kwargs": {"scheduler": "ReduceLROnPlateau", "mode": "min", "factor": 0.1, "patience": 3, "interval": "epoch", "frequency": 1, "strict": true, "monitor": "val_loss"}, "criterion_type": "CrossEntropyLoss", "batch_size": 512, "loader_kwargs": {"root": "../../data/precomputed/camembert-base", "text_vars": ["intervention", "titre_regexed", "contexte"], "use_features": true, "label_var": "label", "drop_center": true, "num_workers": 12, "prefetch_factor": 4, "pin_memory": true}}, "NUM_CLASSES": 2, "INPUT_DIM": 768, "HIDDEN_DIM": 768, "MIN_DELTA": 0.001, "time_elapsed": 261.0050526790001, "metrics": {"log_loss": 0.4935484548110687, "accuracy": 0.7521726612567846, "balanced_accuracy": 0.7421857466346331, "recall": 0.6810164653106999, "precision": 0.7135532113766858, "f1_score": 0.6969052804548833, "AUC": 0.8338406387537214, "jaccard_weighted": 0.5348078462770216, "matthews_weighted": 0.48787114248716384, "hamming_loss": 0.24782733874321544, "confusion_matrix": [[43819, 10726], [12515, 26719]], "confusion_matrix_true_normed": [[0.8033550279585663, 0.1966449720414337], [0.3189835346893001, 0.6810164653106999]], "confusion_matrix_pred_normed": [[0.7778428657649021, 0.2864467886233142], [0.2221571342350978, 0.7135532113766858]], "confusion_matrix_all_normed": [[0.4672581281523582, 0.11437528657801853], [0.1334520521651969, 0.2849145331044264]]}}
