{"last_epoch": 12, "log_dir": "../../results/lm_model_selection/camembert-base_binary/lightning_logs/version_0", "ckpt_path": "/home/gwatk/Documents/MVA/DL/NLP_Assemblee/results/lm_model_selection/camembert-base_binary/lightning_logs/epoch=12-step=3978.ckpt", "total_parameters": 6641666, "trainable_parameters": 2363906, "model_size": 26.566664, "hparams": {"optimizer_type": "Adam", "learning_rate": 0.005, "optimizer_kwargs": {"weight_decay": 0.0001}, "scheduler_kwargs": {"monitor": "val_loss"}, "criterion_type": "CrossEntropyLoss", "batch_size": 512, "loader_kwargs": {"root": "../../data/precomputed/camembert-base", "text_vars": ["intervention", "titre_regexed", "contexte"], "use_features": true, "label_var": "label", "drop_center": true, "num_workers": 12, "prefetch_factor": 4, "pin_memory": true}}, "time_elapsed": 154.08182988800036, "metrics": {"log_loss": 0.5372973628401242, "accuracy": 0.7178152891372269, "balanced_accuracy": 0.7019221613936213, "recall": 0.6045776622317378, "precision": 0.6841847183362658, "f1_score": 0.6419225200600788, "AUC": 0.7904588865873046, "jaccard_weighted": 0.47267002769862304, "matthews_weighted": 0.4126877823478799, "hamming_loss": 0.28218471086277314, "confusion_matrix": [[43596, 10949], [15514, 23720]], "confusion_matrix_true_normed": [[0.7992666605555047, 0.20073333944449537], [0.39542233776826224, 0.6045776622317378]], "confusion_matrix_pred_normed": [[0.737540179326679, 0.3158152816637342], [0.2624598206733209, 0.6841847183362658]], "confusion_matrix_all_normed": [[0.46488019705904304, 0.11675321767133366], [0.16543149319143946, 0.2529350920781838]]}}
