{"log_loss": 0.5632251511846481, "accuracy": 0.7013723754785186, "balanced_accuracy": 0.6842812842372912, "recall": 0.5795993271142377, "precision": 0.6639222212490147, "f1_score": 0.6189018166972852, "AUC": 0.7679360257688984, "jaccard_weighted": 0.4481229677800769, "matthews_weighted": 0.37759194322623474, "hamming_loss": 0.29862762452148134, "confusion_matrix": [[43034, 11511], [16494, 22740]], "confusion_matrix_true_normed": [[0.7889632413603447, 0.21103675863965532], [0.4204006728857623, 0.5795993271142377]], "confusion_matrix_pred_normed": [[0.7229203064104287, 0.3360777787509854], [0.2770796935895713, 0.6639222212490147]], "confusion_matrix_all_normed": [[0.4588873841691637, 0.12274603056121307], [0.17588159396026828, 0.24248499130935497]]}
