{"log_loss": 1.0986122886681093, "accuracy": 0.3349347220184832, "balanced_accuracy": 0.3351028256197845, "recall_weighted": 0.3349347220184832, "recall_micro": 0.3349347220184832, "recall_macro": 0.3351028256197845, "precision_weighted": 0.4004797076447532, "precision_micro": 0.3349347220184832, "precision_macro": 0.33465076297924173, "f1_score_weighted": 0.35366761512287886, "f1_score_micro": 0.3349347220184832, "f1_score_macro": 0.3160198537311618, "AUC_weighted_ovr": 0.5, "AUC_macro_ovr": 0.5, "AUC_weighted_ovo": 0.5, "AUC_macro_ovo": 0.5, "jaccard_weighted": 0.21672900708379317, "jaccard_micro": 0.2011541087593331, "jaccard_macro": 0.1906587030509482, "matthews_weighted": 0.002080634639114538, "hamming_loss": 0.6650652779815168}
