{"log_loss": 1.0986122886681093, "accuracy": 0.33370617573712774, "balanced_accuracy": 0.3341530362469453, "recall_weighted": 0.33370617573712774, "recall_micro": 0.33370617573712774, "recall_macro": 0.3341530362469453, "precision_weighted": 0.40095144648296455, "precision_micro": 0.33370617573712774, "precision_macro": 0.334551694985419, "f1_score_weighted": 0.35281808688758903, "f1_score_micro": 0.33370617573712774, "f1_score_macro": 0.31503920307885436, "AUC_weighted_ovr": 0.5, "AUC_macro_ovr": 0.5, "AUC_weighted_ovo": 0.5, "AUC_macro_ovo": 0.5, "jaccard_weighted": 0.21611052227537453, "jaccard_micro": 0.20026850659711906, "jaccard_macro": 0.18998399541115996, "matthews_weighted": 0.0019080306294029085, "hamming_loss": 0.6662938242628722, "confusion_matrix": [[18152, 18186, 18207], [5019, 5128, 5146], [12864, 13252, 13118]], "confusion_matrix_true_normed": [[0.3327894399119993, 0.3334127784398203, 0.3337977816481804], [0.3281893676845616, 0.33531681161315635, 0.33649382070228206], [0.3278788805627772, 0.33776826222154255, 0.33435285721568025]], "confusion_matrix_pred_normed": [[0.5037324823088664, 0.497347262484275, 0.49921855720983793], [0.13928125433606217, 0.14023956681069846, 0.14109840695346987], [0.35698626335507144, 0.36241317070502654, 0.35968303583669214]], "confusion_matrix_all_normed": [[0.16642217984450638, 0.16673390054276074, 0.16692643391521197], [0.04601547601584274, 0.04701481590142291, 0.04717984450638111], [0.11794044301012176, 0.12149772627255391, 0.12026917999119847]]}
