{"log_loss": 0.6931471805599453, "accuracy": 0.4998133910576995, "balanced_accuracy": 0.49979665433083886, "recall": 0.4996941428352959, "precision": 0.41816863255337755, "f1_score": 0.45531079810025893, "AUC": 0.5, "jaccard_weighted": 0.29475884050998313, "matthews_weighted": -0.00040123433712140587, "hamming_loss": 0.5001866089423005, "confusion_matrix": [[27267, 27278], [19629, 19605]], "confusion_matrix_true_normed": [[0.4998991658263819, 0.5001008341736181], [0.5003058571647041, 0.4996941428352959]], "confusion_matrix_pred_normed": [[0.581435516888434, 0.5818313674466224], [0.418564483111566, 0.41816863255337755]], "confusion_matrix_all_normed": [[0.29075805884046535, 0.29087535588991137], [0.20931125305238912, 0.20905533221723413]]}
