{"log_loss": 1.0986122886681093, "accuracy": 0.33196420712923574, "balanced_accuracy": 0.3316706821759687, "recall_weighted": 0.33196420712923574, "recall_micro": 0.33196420712923574, "recall_macro": 0.3316706821759687, "precision_weighted": 0.39799953983329334, "precision_micro": 0.33196420712923574, "precision_macro": 0.33218291299694974, "f1_score_weighted": 0.3509188801242072, "f1_score_micro": 0.33196420712923574, "f1_score_macro": 0.31312501868443826, "AUC_weighted_ovr": 0.5, "AUC_macro_ovr": 0.5, "AUC_weighted_ovo": 0.5, "AUC_macro_ovo": 0.5, "jaccard_weighted": 0.21469677339641555, "jaccard_micro": 0.19901503825521064, "jaccard_macro": 0.18863525983398474, "matthews_weighted": -0.001817021280798313, "hamming_loss": 0.6680357928707643, "confusion_matrix": [[18081, 18266, 18198], [5128, 5050, 5115], [13062, 13095, 13077]], "confusion_matrix_true_normed": [[0.33148776239801997, 0.3348794573288111, 0.33363278027316895], [0.33531681161315635, 0.33021643889361146, 0.3344667494932322], [0.3329255237803946, 0.33376663098333076, 0.33330784523627466]], "confusion_matrix_pred_normed": [[0.49849742218301124, 0.5016615857845157, 0.5000824402308326], [0.14138016597281575, 0.13869435060833266, 0.140560593569662], [0.36012241184417304, 0.3596440636071517, 0.35935696619950536]], "confusion_matrix_all_normed": [[0.16577123368050461, 0.1674673610092416, 0.16684391961273287], [0.04701481590142291, 0.04629969194660408, 0.046895628575619776], [0.11975575766466187, 0.12005831010708523, 0.11989328150212704]]}
