{"last_epoch": 3, "log_dir": "../../results/new_features/ITC_Features_Attn_4Hx2@384_LN_BS@256_FF_0.2_AdamW@0.0005_ExpLR@0.85/lightning_logs/version_0", "ckpt_path": "/home/gwatk/Documents/MVA/DL/NLP_Assemblee/results/new_features/ITC_Features_Attn_4Hx2@384_LN_BS@256_FF_0.2_AdamW@0.0005_ExpLR@0.85/lightning_logs/epoch=3-step=2444.ckpt", "total_parameters": 7764674, "trainable_parameters": 3486914, "model_size": 31.058695999999998, "hparams": {"optimizer_type": "AdamW", "learning_rate": 0.0005, "optimizer_kwargs": {"weight_decay": 0.01}, "scheduler_kwargs": {"scheduler": "ReduceLROnPlateau", "mode": "min", "factor": 0.5, "patience": 5, "monitor": "val_loss"}, "criterion_type": "CrossEntropyLoss", "batch_size": 256, "loader_kwargs": {"root": "../../data/precomputed/camembert-base", "text_vars": ["intervention", "titre_regexed", "contexte"], "use_features": true, "label_var": "label", "drop_center": true, "num_workers": 12, "prefetch_factor": 4, "pin_memory": true}}, "NUM_CLASSES": 2, "INPUT_DIM": 768, "HIDDEN_DIM": 384, "MIN_DELTA": 0.0, "time_elapsed": 290.89343427699987, "metrics": {"log_loss": 0.5063174754121028, "accuracy": 0.7396538670704529, "balanced_accuracy": 0.7294528949709609, "recall": 0.6669725238313707, "precision": 0.6974971346323, "f1_score": 0.6818933955257912, "AUC": 0.8189444404016446, "jaccard_weighted": 0.5173279560326592, "matthews_weighted": 0.4620730817259097, "hamming_loss": 0.2603461329295471, "confusion_matrix": [[43196, 11349], [13066, 26168]], "confusion_matrix_true_normed": [[0.7919332661105509, 0.20806673388944907], [0.33302747616862927, 0.6669725238313707]], "confusion_matrix_pred_normed": [[0.767765099001102, 0.3025028653677], [0.23223490099889801, 0.6974971346323]], "confusion_matrix_all_normed": [[0.4606148498064599, 0.12101856492391687], [0.13932756800563026, 0.279039017263993]]}}
