{"log_loss": 0.5063174754121028, "accuracy": 0.7396538670704529, "balanced_accuracy": 0.7294528949709609, "recall": 0.6669725238313707, "precision": 0.6974971346323, "f1_score": 0.6818933955257912, "AUC": 0.8189444404016446, "jaccard_weighted": 0.5173279560326592, "matthews_weighted": 0.4620730817259097, "hamming_loss": 0.2603461329295471, "confusion_matrix": [[43196, 11349], [13066, 26168]], "confusion_matrix_true_normed": [[0.7919332661105509, 0.20806673388944907], [0.33302747616862927, 0.6669725238313707]], "confusion_matrix_pred_normed": [[0.767765099001102, 0.3025028653677], [0.23223490099889801, 0.6974971346323]], "confusion_matrix_all_normed": [[0.4606148498064599, 0.12101856492391687], [0.13932756800563026, 0.279039017263993]]}
