{"log_loss": 0.8391680826314784, "accuracy": 0.6132371277688132, "balanced_accuracy": 0.47321077282044555, "recall_weighted": 0.6132371277688132, "recall_micro": 0.6132371277688132, "recall_macro": 0.47321077282044555, "precision_weighted": 0.6032834571645712, "precision_micro": 0.6132371277688132, "precision_macro": 0.5885613107259425, "f1_score_weighted": 0.5706293238905625, "f1_score_micro": 0.6132371277688132, "f1_score_macro": 0.4475046580413338, "AUC_weighted_ovr": 0.7500809930020298, "AUC_macro_ovr": 0.7484733551942601, "AUC_weighted_ovo": 0.7410273422848379, "AUC_macro_ovo": 0.7382431423203258, "jaccard_weighted": 0.42456358676449596, "jaccard_micro": 0.44220763336572855, "jaccard_macro": 0.3292442033692761, "matthews_weighted": 0.3150805193470242, "hamming_loss": 0.3867628722311867, "confusion_matrix": [[41707, 179, 12659], [10350, 331, 4612], [14290, 95, 24849]], "confusion_matrix_true_normed": [[0.7646347052892107, 0.0032816940141167845, 0.23208360069667247], [0.6767802262473027, 0.021643889361145623, 0.3015758843915517], [0.3642249069684457, 0.002421369220573992, 0.6333537238109803]], "confusion_matrix_pred_normed": [[0.6286192292040333, 0.2958677685950413, 0.30054605887939223], [0.15599801046015646, 0.547107438016529, 0.10949667616334283], [0.21538276033581022, 0.15702479338842976, 0.589957264957265]], "confusion_matrix_all_normed": [[0.38238044594396364, 0.0016411177937509169, 0.11606095056476456], [0.09489144785096083, 0.0030346926800645445, 0.042283995892621384], [0.13101437582514303, 0.0008709843039460173, 0.2278219891447851]]}
