{"last_epoch": 49, "log_dir": "../../results/optimizer_selection/AdamW_0.0001_(0.99, 0.999)/lightning_logs/version_0", "ckpt_path": "/home/gwatk/Documents/MVA/DL/NLP_Assemblee/results/optimizer_selection/AdamW_0.0001_(0.99, 0.999)/lightning_logs/epoch=49-step=15300.ckpt", "total_parameters": 6641666, "trainable_parameters": 2363906, "model_size": 26.566664, "hparams": {"optimizer_type": "AdamW", "learning_rate": 0.0001, "optimizer_kwargs": {"betas": [0.99, 0.999], "weight_decay": 0.005}, "scheduler_kwargs": {"scheduler": "ReduceLROnPlateau", "mode": "min", "factor": 0.1, "patience": 3, "interval": "epoch", "frequency": 1, "strict": true, "monitor": "val_loss"}, "criterion_type": "CrossEntropyLoss", "batch_size": 512, "loader_kwargs": {"root": "../../data/precomputed/camembert-base", "text_vars": ["intervention", "titre_regexed", "contexte"], "use_features": true, "label_var": "label", "drop_center": true, "num_workers": 12, "prefetch_factor": 4, "pin_memory": true}}, "NUM_CLASSES": 2, "INPUT_DIM": 768, "HIDDEN_DIM": 768, "MIN_DELTA": 0.001, "time_elapsed": 435.21967626100013, "metrics": {"log_loss": 0.5113739302589404, "accuracy": 0.7355164802354471, "balanced_accuracy": 0.7207126830345716, "recall": 0.6300402711933527, "precision": 0.7061159196732082, "f1_score": 0.6659123664821325, "AUC": 0.8145897977341345, "jaccard_weighted": 0.49915189208836475, "matthews_weighted": 0.4501978022104561, "hamming_loss": 0.2644835197645528, "confusion_matrix": [[44257, 10288], [14515, 24719]], "confusion_matrix_true_normed": [[0.8113850948757906, 0.18861490512420936], [0.3699597288066473, 0.6300402711933527]], "confusion_matrix_pred_normed": [[0.7530286531001157, 0.2938840803267918], [0.2469713468998843, 0.7061159196732082]], "confusion_matrix_all_normed": [[0.4719286833939368, 0.10970473133643993], [0.1547787884281129, 0.26358779684151035]]}}
