{"log_loss": 0.5113739302589404, "accuracy": 0.7355164802354471, "balanced_accuracy": 0.7207126830345716, "recall": 0.6300402711933527, "precision": 0.7061159196732082, "f1_score": 0.6659123664821325, "AUC": 0.8145897977341345, "jaccard_weighted": 0.49915189208836475, "matthews_weighted": 0.4501978022104561, "hamming_loss": 0.2644835197645528, "confusion_matrix": [[44257, 10288], [14515, 24719]], "confusion_matrix_true_normed": [[0.8113850948757906, 0.18861490512420936], [0.3699597288066473, 0.6300402711933527]], "confusion_matrix_pred_normed": [[0.7530286531001157, 0.2938840803267918], [0.2469713468998843, 0.7061159196732082]], "confusion_matrix_all_normed": [[0.4719286833939368, 0.10970473133643993], [0.1547787884281129, 0.26358779684151035]]}
