{"last_epoch": 18, "log_dir": "../../results/new_features/ITC_Features_Attn_8Hx3@384_LN_Unfrozen_0.2_AdamW@0.0005_ExpLR@0.85/lightning_logs/version_0", "ckpt_path": "/home/gwatk/Documents/MVA/DL/NLP_Assemblee/results/new_features/ITC_Features_Attn_8Hx3@384_LN_Unfrozen_0.2_AdamW@0.0005_ExpLR@0.85/lightning_logs/epoch=18-step=5814.ckpt", "total_parameters": 8880210, "trainable_parameters": 8880210, "model_size": 35.52084, "hparams": {"optimizer_type": "AdamW", "learning_rate": 0.0005, "optimizer_kwargs": {}, "scheduler_kwargs": {"scheduler": "ExponentialLR", "gamma": 0.85}, "criterion_type": "CrossEntropyLoss", "batch_size": 512, "loader_kwargs": {"root": "../../data/precomputed/camembert-base", "text_vars": ["intervention", "titre_regexed", "contexte"], "use_features": true, "label_var": "label", "drop_center": true, "num_workers": 12, "prefetch_factor": 4, "pin_memory": true}}, "NUM_CLASSES": 2, "INPUT_DIM": 768, "HIDDEN_DIM": 384, "MIN_DELTA": 0.0, "time_elapsed": 524.8832532209999, "metrics": {"log_loss": 0.5037302989084362, "accuracy": 0.7453587690207829, "balanced_accuracy": 0.7339779081258703, "recall": 0.6642707855431513, "precision": 0.708784335055752, "f1_score": 0.685806010209989, "AUC": 0.8258666610704534, "jaccard_weighted": 0.5218453405950904, "matthews_weighted": 0.47281918489628816, "hamming_loss": 0.2546412309792171, "confusion_matrix": [[43837, 10708], [13172, 26062]], "confusion_matrix_true_normed": [[0.8036850307085892, 0.19631496929141076], [0.33572921445684867, 0.6642707855431513]], "confusion_matrix_pred_normed": [[0.7689487624761002, 0.29121566494424805], [0.23105123752389972, 0.708784335055752]], "confusion_matrix_all_normed": [[0.46745006877872447, 0.11418334595165229], [0.14045788502756482, 0.27790870024205844]]}}
