{"log_loss": 0.5037302989084362, "accuracy": 0.7453587690207829, "balanced_accuracy": 0.7339779081258703, "recall": 0.6642707855431513, "precision": 0.708784335055752, "f1_score": 0.685806010209989, "AUC": 0.8258666610704534, "jaccard_weighted": 0.5218453405950904, "matthews_weighted": 0.47281918489628816, "hamming_loss": 0.2546412309792171, "confusion_matrix": [[43837, 10708], [13172, 26062]], "confusion_matrix_true_normed": [[0.8036850307085892, 0.19631496929141076], [0.33572921445684867, 0.6642707855431513]], "confusion_matrix_pred_normed": [[0.7689487624761002, 0.29121566494424805], [0.23105123752389972, 0.708784335055752]], "confusion_matrix_all_normed": [[0.46745006877872447, 0.11418334595165229], [0.14045788502756482, 0.27790870024205844]]}
