{"last_epoch": 9, "log_dir": "../../results/optimizer_selection/RMSprop_0.01_CosineAnnealingLR/lightning_logs/version_0", "ckpt_path": "/home/gwatk/Documents/MVA/DL/NLP_Assemblee/results/optimizer_selection/RMSprop_0.01_CosineAnnealingLR/lightning_logs/epoch=9-step=3060.ckpt", "total_parameters": 6641666, "trainable_parameters": 2363906, "model_size": 26.566664, "hparams": {"optimizer_type": "RMSprop", "learning_rate": 0.01, "optimizer_kwargs": {"weight_decay": 0.005, "momentum": 0.9, "alpha": 0.99}, "scheduler_kwargs": {"scheduler": "CosineAnnealingLR"}, "criterion_type": "CrossEntropyLoss", "batch_size": 512, "loader_kwargs": {"root": "../../data/precomputed/camembert-base", "text_vars": ["intervention", "titre_regexed", "contexte"], "use_features": true, "label_var": "label", "drop_center": true, "num_workers": 12, "prefetch_factor": 4, "pin_memory": true}}, "NUM_CLASSES": 2, "INPUT_DIM": 768, "HIDDEN_DIM": 768, "MIN_DELTA": 0.001, "time_elapsed": 217.65095698000005, "metrics": {"log_loss": 0.6023881523912585, "accuracy": 0.6738288955949626, "balanced_accuracy": 0.6469597438485731, "recall": 0.4823877249324565, "precision": 0.6480175306443882, "f1_score": 0.5530683810637055, "AUC": 0.7276838899614575, "jaccard_weighted": 0.38223532738215454, "matthews_weighted": 0.31309463550617317, "hamming_loss": 0.3261711044050374, "confusion_matrix": [[44265, 10280], [20308, 18926]], "confusion_matrix_true_normed": [[0.8115317627646897, 0.18846823723531028], [0.5176122750675435, 0.4823877249324565]], "confusion_matrix_pred_normed": [[0.6855032289037214, 0.35198246935561184], [0.3144967710962786, 0.6480175306443882]], "confusion_matrix_all_normed": [[0.4720139903389885, 0.10961942439138826], [0.2165516800136491, 0.20181490525597415]]}}
