{"log_loss": 0.6023881523912585, "accuracy": 0.6738288955949626, "balanced_accuracy": 0.6469597438485731, "recall": 0.4823877249324565, "precision": 0.6480175306443882, "f1_score": 0.5530683810637055, "AUC": 0.7276838899614575, "jaccard_weighted": 0.38223532738215454, "matthews_weighted": 0.31309463550617317, "hamming_loss": 0.3261711044050374, "confusion_matrix": [[44265, 10280], [20308, 18926]], "confusion_matrix_true_normed": [[0.8115317627646897, 0.18846823723531028], [0.5176122750675435, 0.4823877249324565]], "confusion_matrix_pred_normed": [[0.6855032289037214, 0.35198246935561184], [0.3144967710962786, 0.6480175306443882]], "confusion_matrix_all_normed": [[0.4720139903389885, 0.10961942439138826], [0.2165516800136491, 0.20181490525597415]]}
