{"log_loss": 0.6040693340870287, "accuracy": 0.6680813401721067, "balanced_accuracy": 0.6563209366229179, "recall": 0.5842891369730336, "precision": 0.6074030894782863, "f1_score": 0.5956219551802534, "AUC": 0.7193478317685408, "jaccard_weighted": 0.42411796266489055, "matthews_weighted": 0.3144907643620402, "hamming_loss": 0.33191865982789326, "confusion_matrix": [[39728, 14817], [16310, 22924]], "confusion_matrix_true_normed": [[0.7283527362728023, 0.2716472637271977], [0.4157108630269664, 0.5842891369730336]], "confusion_matrix_pred_normed": [[0.7089474999107749, 0.3925969105217138], [0.2910525000892252, 0.6074030894782863]], "confusion_matrix_all_normed": [[0.42363428912656353, 0.1579991256038132], [0.17391953422408002, 0.24444705104554323]]}
