{"last_epoch": 13, "log_dir": "../../results/optimizer_selection/Adam_0.001_ReduceLROnPlateau/lightning_logs/version_0", "ckpt_path": "/home/gwatk/Documents/MVA/DL/NLP_Assemblee/results/optimizer_selection/Adam_0.001_ReduceLROnPlateau/lightning_logs/epoch=13-step=4284.ckpt", "total_parameters": 6641666, "trainable_parameters": 2363906, "model_size": 26.566664, "hparams": {"optimizer_type": "Adam", "learning_rate": 0.001, "optimizer_kwargs": {}, "scheduler_kwargs": {"scheduler": "ReduceLROnPlateau", "monitor": "val_loss", "mode": "min", "factor": 0.1}, "criterion_type": "CrossEntropyLoss", "batch_size": 512, "loader_kwargs": {"root": "../../data/precomputed/camembert-base", "text_vars": ["intervention", "titre_regexed", "contexte"], "use_features": true, "label_var": "label", "drop_center": true, "num_workers": 12, "prefetch_factor": 4, "pin_memory": true}}, "NUM_CLASSES": 2, "INPUT_DIM": 768, "HIDDEN_DIM": 768, "MIN_DELTA": 0.001, "time_elapsed": 252.19488243999513, "metrics": {"log_loss": 0.49495674915118393, "accuracy": 0.7497947301634694, "balanced_accuracy": 0.7396943997489591, "recall": 0.6778304531783657, "precision": 0.7107274573734567, "f1_score": 0.6938892657725825, "AUC": 0.8310556425415625, "jaccard_weighted": 0.5312637340684806, "matthews_weighted": 0.48291091254502116, "hamming_loss": 0.2502052698365306, "confusion_matrix": [[43721, 10824], [12640, 26594]], "confusion_matrix_true_normed": [[0.8015583463195527, 0.19844165368044733], [0.3221695468216343, 0.6778304531783657]], "confusion_matrix_pred_normed": [[0.7757314455030961, 0.2892725426265434], [0.2242685544969039, 0.7107274573734567]], "confusion_matrix_all_normed": [[0.46621311807547533, 0.11542029665490142], [0.13478497318162916, 0.2835816120879941]]}}
