{"log_loss": 0.49495674915118393, "accuracy": 0.7497947301634694, "balanced_accuracy": 0.7396943997489591, "recall": 0.6778304531783657, "precision": 0.7107274573734567, "f1_score": 0.6938892657725825, "AUC": 0.8310556425415625, "jaccard_weighted": 0.5312637340684806, "matthews_weighted": 0.48291091254502116, "hamming_loss": 0.2502052698365306, "confusion_matrix": [[43721, 10824], [12640, 26594]], "confusion_matrix_true_normed": [[0.8015583463195527, 0.19844165368044733], [0.3221695468216343, 0.6778304531783657]], "confusion_matrix_pred_normed": [[0.7757314455030961, 0.2892725426265434], [0.2242685544969039, 0.7107274573734567]], "confusion_matrix_all_normed": [[0.46621311807547533, 0.11542029665490142], [0.13478497318162916, 0.2835816120879941]]}
