{"last_epoch": 49, "log_dir": "../../results/optimizer_selection/SGD_0.01_ReduceLROnPlateau/lightning_logs/version_0", "ckpt_path": "/home/gwatk/Documents/MVA/DL/NLP_Assemblee/results/optimizer_selection/SGD_0.01_ReduceLROnPlateau/lightning_logs/epoch=49-step=15300.ckpt", "total_parameters": 6641666, "trainable_parameters": 2363906, "model_size": 26.566664, "hparams": {"optimizer_type": "SGD", "learning_rate": 0.01, "optimizer_kwargs": {}, "scheduler_kwargs": {"scheduler": "ReduceLROnPlateau", "factor": 0.5, "patience": 3, "min_lr": 1e-06, "monitor": "val_loss"}, "criterion_type": "CrossEntropyLoss", "batch_size": 512, "loader_kwargs": {"root": "../../data/precomputed/camembert-base", "text_vars": ["intervention", "titre_regexed", "contexte"], "use_features": true, "label_var": "label", "drop_center": true, "num_workers": 12, "prefetch_factor": 4, "pin_memory": true}}, "NUM_CLASSES": 2, "INPUT_DIM": 768, "HIDDEN_DIM": 768, "MIN_DELTA": 0.001, "time_elapsed": 430.7855200109989, "metrics": {"log_loss": 0.5968255412084105, "accuracy": 0.682103669264974, "balanced_accuracy": 0.6582800476965964, "recall": 0.5123617270734567, "precision": 0.6530439867455006, "f1_score": 0.5742116087751371, "AUC": 0.734559912665803, "jaccard_weighted": 0.4027327002444204, "matthews_weighted": 0.3325497180756659, "hamming_loss": 0.317896330735026, "confusion_matrix": [[43865, 10680], [19132, 20102]], "confusion_matrix_true_normed": [[0.804198368319736, 0.19580163168026402], [0.4876382729265433, 0.5123617270734567]], "confusion_matrix_pred_normed": [[0.6963029985554867, 0.3469560132544994], [0.3036970014445132, 0.6530439867455006]], "confusion_matrix_all_normed": [[0.4677486430864053, 0.11388477164397147], [0.2040115590910545, 0.21435502617856877]]}}
