{"log_loss": 0.5968255412084105, "accuracy": 0.682103669264974, "balanced_accuracy": 0.6582800476965964, "recall": 0.5123617270734567, "precision": 0.6530439867455006, "f1_score": 0.5742116087751371, "AUC": 0.734559912665803, "jaccard_weighted": 0.4027327002444204, "matthews_weighted": 0.3325497180756659, "hamming_loss": 0.317896330735026, "confusion_matrix": [[43865, 10680], [19132, 20102]], "confusion_matrix_true_normed": [[0.804198368319736, 0.19580163168026402], [0.4876382729265433, 0.5123617270734567]], "confusion_matrix_pred_normed": [[0.6963029985554867, 0.3469560132544994], [0.3036970014445132, 0.6530439867455006]], "confusion_matrix_all_normed": [[0.4677486430864053, 0.11388477164397147], [0.2040115590910545, 0.21435502617856877]]}
