{"last_epoch": 26, "log_dir": "../../results/optimizer_selection/Adagrad_0.001_ExponentialLR/lightning_logs/version_0", "ckpt_path": "/home/gwatk/Documents/MVA/DL/NLP_Assemblee/results/optimizer_selection/Adagrad_0.001_ExponentialLR/lightning_logs/epoch=26-step=8262.ckpt", "total_parameters": 6641666, "trainable_parameters": 2363906, "model_size": 26.566664, "hparams": {"optimizer_type": "Adagrad", "learning_rate": 0.001, "optimizer_kwargs": {}, "scheduler_kwargs": {"scheduler": "ExponentialLR", "gamma": 0.75}, "criterion_type": "CrossEntropyLoss", "batch_size": 512, "loader_kwargs": {"root": "../../data/precomputed/camembert-base", "text_vars": ["intervention", "titre_regexed", "contexte"], "use_features": true, "label_var": "label", "drop_center": true, "num_workers": 12, "prefetch_factor": 4, "pin_memory": true}}, "NUM_CLASSES": 2, "INPUT_DIM": 768, "HIDDEN_DIM": 768, "MIN_DELTA": 0.001, "time_elapsed": 230.7263871790019, "metrics": {"log_loss": 0.58114309414795, "accuracy": 0.6919352946821783, "balanced_accuracy": 0.6724268551076518, "recall": 0.5529387775908651, "precision": 0.6565185812855586, "f1_score": 0.6002933119344752, "AUC": 0.7506216971868931, "jaccard_weighted": 0.42887078918235017, "matthews_weighted": 0.35610481431330065, "hamming_loss": 0.3080647053178217, "confusion_matrix": [[43195, 11350], [17540, 21694]], "confusion_matrix_true_normed": [[0.7919149326244386, 0.20808506737556146], [0.44706122240913493, 0.5529387775908651]], "confusion_matrix_pred_normed": [[0.7112044126121676, 0.3434814187144414], [0.2887955873878324, 0.6565185812855586]], "confusion_matrix_all_normed": [[0.4606041864383284, 0.12102922829204833], [0.18703547702577336, 0.2313311082438499]]}}
