{"log_loss": 0.678457796708701, "accuracy": 0.5816334147303768, "balanced_accuracy": 0.5, "recall": 0.0, "precision": 0.0, "f1_score": 0.0, "AUC": 0.5741719420999594, "jaccard_weighted": 0.0, "matthews_weighted": 0.0, "hamming_loss": 0.4183665852696233, "confusion_matrix": [[54545, 0], [39234, 0]], "confusion_matrix_true_normed": [[1.0, 0.0], [1.0, 0.0]], "confusion_matrix_pred_normed": [[0.5816334147303768, 0.0], [0.4183665852696233, 0.0]], "confusion_matrix_all_normed": [[0.5816334147303768, 0.0], [0.4183665852696233, 0.0]]}
