{"log_loss": 0.6082496153701128, "accuracy": 0.6691903304577784, "balanced_accuracy": 0.639473605866394, "recall": 0.45746036600907375, "precision": 0.6482932996207332, "f1_score": 0.5364096893259014, "AUC": 0.7215230855968335, "jaccard_weighted": 0.3665026240019603, "matthews_weighted": 0.30166679527637674, "hamming_loss": 0.33080966954222163, "confusion_matrix": [[44808, 9737], [21286, 17948]], "confusion_matrix_true_normed": [[0.8214868457237143, 0.17851315427628564], [0.5425396339909262, 0.45746036600907375]], "confusion_matrix_pred_normed": [[0.6779435349653524, 0.35170670037926677], [0.32205646503464763, 0.6482932996207332]], "confusion_matrix_all_normed": [[0.4778041992343702, 0.10382921549600657], [0.22698045404621503, 0.19138613122340822]]}
