{"last_epoch": 0, "log_dir": "../../results/lm_model_selection/distilcamembert-base/lightning_logs/version_1", "ckpt_path": null, "total_parameters": 6641666, "trainable_parameters": 2363906, "model_size": 26.566664, "hparams": {"optimizer_type": "Adam", "learning_rate": 0.005, "optimizer_kwargs": {"weight_decay": 0.0001}, "scheduler_kwargs": {"monitor": "val_loss"}, "criterion_type": "CrossEntropyLoss", "batch_size": 512, "loader_kwargs": {"root": "../../data/precomputed/distilcamembert-base", "text_vars": ["intervention", "titre_regexed", "contexte"], "use_features": true, "label_var": "label", "drop_center": true, "num_workers": 12, "prefetch_factor": 4, "pin_memory": true}}, "NUM_CLASSES": 2, "INPUT_DIM": 768, "HIDDEN_DIM": 768, "MIN_DELTA": 0.001, "time_elapsed": 0, "metrics": {"log_loss": 0.5651257909621573, "accuracy": 0.7000501178302179, "balanced_accuracy": 0.6895444075897792, "recall": 0.6251975327522047, "precision": 0.6462993702737596, "f1_score": 0.6355733478435488, "AUC": 0.7652342071075432, "jaccard_weighted": 0.4658171597857875, "matthews_weighted": 0.3809854824163463, "hamming_loss": 0.29994988216978213, "confusion_matrix": [[41121, 13424], [14705, 24529]], "confusion_matrix_true_normed": [[0.7538912824273536, 0.24610871757264643], [0.37480246724779526, 0.6251975327522047]], "confusion_matrix_pred_normed": [[0.7365922688353097, 0.35370062972624033], [0.2634077311646903, 0.6462993702737596]], "confusion_matrix_all_normed": [[0.43848836093368454, 0.14314505379669223], [0.15680482837308993, 0.2615617568965333]]}}