{"log_loss": 0.6931471805599453, "accuracy": 0.4983418462555583, "balanced_accuracy": 0.49781618269445543, "recall": 0.4945965234235612, "precision": 0.4162287381223054, "f1_score": 0.45204123231029064, "AUC": 0.5, "jaccard_weighted": 0.2920240782543266, "matthews_weighted": -0.004309100115422013, "hamming_loss": 0.5016581537444417, "confusion_matrix": [[27329, 27216], [19829, 19405]], "confusion_matrix_true_normed": [[0.5010358419653497, 0.4989641580346503], [0.5054034765764388, 0.4945965234235612]], "confusion_matrix_pred_normed": [[0.5795199117859112, 0.5837712618776946], [0.42048008821408883, 0.4162287381223054]], "confusion_matrix_all_normed": [[0.2914191876646157, 0.290214227065761], [0.21144392667868073, 0.20692265859094253]]}
