{"last_epoch": 49, "log_dir": "../../results/lm_model_selection/bert-base-multilingual-cased/lightning_logs/version_2", "ckpt_path": "/home/gwatk/Documents/MVA/DL/NLP_Assemblee/results/lm_model_selection/bert-base-multilingual-cased/lightning_logs/epoch=49-step=15300.ckpt", "total_parameters": 7691778, "trainable_parameters": 3414018, "model_size": 30.767111999999997, "hparams": {"optimizer_type": "Adam", "learning_rate": 0.0005, "optimizer_kwargs": {"weight_decay": 0.0001}, "scheduler_kwargs": {"scheduler": "ReduceLROnPlateau", "mode": "min", "factor": 0.1, "patience": 3, "interval": "epoch", "frequency": 1, "strict": true, "monitor": "val_loss"}, "criterion_type": "CrossEntropyLoss", "batch_size": 512, "loader_kwargs": {"root": "../../data/precomputed/bert-base-multilingual-cased", "text_vars": ["intervention", "titre_regexed", "contexte"], "use_features": true, "label_var": "label", "drop_center": true, "num_workers": 12, "prefetch_factor": 4, "pin_memory": true}}, "INPUT_DIM": 768, "HIDDEN_DIM": 1024, "MIN_DELTA": 0.001, "time_elapsed": 494.43374667199896, "metrics": {"log_loss": 0.5826776604976673, "accuracy": 0.6827754614572559, "balanced_accuracy": 0.6632325971027924, "recall": 0.5435336697762145, "precision": 0.6429971355344489, "f1_score": 0.5890965344825205, "AUC": 0.743836685844024, "jaccard_weighted": 0.4175314249911893, "matthews_weighted": 0.3368365262963254, "hamming_loss": 0.31722453854274413, "confusion_matrix": [[42705, 11840], [17909, 21325]], "confusion_matrix_true_normed": [[0.7829315244293702, 0.21706847557062975], [0.45646633022378547, 0.5435336697762145]], "confusion_matrix_pred_normed": [[0.7045402052331144, 0.357002864465551], [0.29545979476688555, 0.6429971355344489]], "confusion_matrix_all_normed": [[0.455379136053914, 0.12625427867646274], [0.19097025986628136, 0.2273963254033419]]}}
