{"last_epoch": 2, "log_dir": "../../results/lm_model_selection/bert-base-multilingual-cased/lightning_logs/version_0", "ckpt_path": "/home/gwatk/Documents/MVA/DL/NLP_Assemblee/results/lm_model_selection/bert-base-multilingual-cased/lightning_logs/epoch=2-step=918.ckpt", "total_parameters": 7691778, "trainable_parameters": 3414018, "model_size": 30.767111999999997, "hparams": {"optimizer_type": "Adam", "learning_rate": 0.005, "optimizer_kwargs": {"weight_decay": 0.0001}, "scheduler_kwargs": {"monitor": "val_loss"}, "criterion_type": "CrossEntropyLoss", "batch_size": 512, "loader_kwargs": {"root": "../../data/precomputed/bert-base-multilingual-cased", "text_vars": ["intervention", "titre_regexed", "contexte"], "use_features": true, "label_var": "label", "drop_center": true, "num_workers": 12, "prefetch_factor": 4, "pin_memory": true}}, "NUM_CLASSES": 2, "INPUT_DIM": 768, "HIDDEN_DIM": 1024, "MIN_DELTA": 0.001, "time_elapsed": 125.50472367600014, "metrics": {"log_loss": 0.6210404631561545, "accuracy": 0.6557224965077469, "balanced_accuracy": 0.6299815784772667, "recall": 0.47231992659428046, "precision": 0.6153616258218769, "f1_score": 0.534435023360443, "AUC": 0.6967036079823103, "jaccard_weighted": 0.36466143219788655, "matthews_weighted": 0.2746540291808251, "hamming_loss": 0.34427750349225306, "confusion_matrix": [[42962, 11583], [20703, 18531]], "confusion_matrix_true_normed": [[0.787643230360253, 0.212356769639747], [0.5276800734057195, 0.47231992659428046]], "confusion_matrix_pred_normed": [[0.6748134767925862, 0.38463837417812313], [0.3251865232074138, 0.6153616258218769]], "confusion_matrix_all_normed": [[0.4581196216636987, 0.12351379306667803], [0.22076371042557502, 0.19760287484404823]]}}
