{"log_loss": 0.6210404631561545, "accuracy": 0.6557224965077469, "balanced_accuracy": 0.6299815784772667, "recall": 0.47231992659428046, "precision": 0.6153616258218769, "f1_score": 0.534435023360443, "AUC": 0.6967036079823103, "jaccard_weighted": 0.36466143219788655, "matthews_weighted": 0.2746540291808251, "hamming_loss": 0.34427750349225306, "confusion_matrix": [[42962, 11583], [20703, 18531]], "confusion_matrix_true_normed": [[0.787643230360253, 0.212356769639747], [0.5276800734057195, 0.47231992659428046]], "confusion_matrix_pred_normed": [[0.6748134767925862, 0.38463837417812313], [0.3251865232074138, 0.6153616258218769]], "confusion_matrix_all_normed": [[0.4581196216636987, 0.12351379306667803], [0.22076371042557502, 0.19760287484404823]]}
