{"log_loss": 0.5826776604976673, "accuracy": 0.6827754614572559, "balanced_accuracy": 0.6632325971027924, "recall": 0.5435336697762145, "precision": 0.6429971355344489, "f1_score": 0.5890965344825205, "AUC": 0.743836685844024, "jaccard_weighted": 0.4175314249911893, "matthews_weighted": 0.3368365262963254, "hamming_loss": 0.31722453854274413, "confusion_matrix": [[42705, 11840], [17909, 21325]], "confusion_matrix_true_normed": [[0.7829315244293702, 0.21706847557062975], [0.45646633022378547, 0.5435336697762145]], "confusion_matrix_pred_normed": [[0.7045402052331144, 0.357002864465551], [0.29545979476688555, 0.6429971355344489]], "confusion_matrix_all_normed": [[0.455379136053914, 0.12625427867646274], [0.19097025986628136, 0.2273963254033419]]}
