{"last_epoch": 8, "log_dir": "../../results/optimizer_selection/AdamW_0.005_ReduceLROnPlateau/lightning_logs/version_0", "ckpt_path": "/home/gwatk/Documents/MVA/DL/NLP_Assemblee/results/optimizer_selection/AdamW_0.005_ReduceLROnPlateau/lightning_logs/epoch=8-step=2754.ckpt", "total_parameters": 6641666, "trainable_parameters": 2363906, "model_size": 26.566664, "hparams": {"optimizer_type": "AdamW", "learning_rate": 0.005, "optimizer_kwargs": {}, "scheduler_kwargs": {"scheduler": "ReduceLROnPlateau", "mode": "min", "factor": 0.1, "patience": 3, "interval": "epoch", "frequency": 1, "strict": true, "monitor": "val_loss"}, "criterion_type": "CrossEntropyLoss", "batch_size": 512, "loader_kwargs": {"root": "../../data/precomputed/camembert-base", "text_vars": ["intervention", "titre_regexed", "contexte"], "use_features": true, "label_var": "label", "drop_center": true, "num_workers": 12, "prefetch_factor": 4, "pin_memory": true}}, "NUM_CLASSES": 2, "INPUT_DIM": 768, "HIDDEN_DIM": 768, "MIN_DELTA": 0.001, "time_elapsed": 202.01778517799903, "metrics": {"log_loss": 0.5029982535604699, "accuracy": 0.7437592638010642, "balanced_accuracy": 0.7308965219567515, "recall": 0.6521129632461641, "precision": 0.7113662903853639, "f1_score": 0.6804521276595744, "AUC": 0.8236451884834848, "jaccard_weighted": 0.5156706641136753, "matthews_weighted": 0.4684867696336378, "hamming_loss": 0.2562407361989358, "confusion_matrix": [[44164, 10381], [13649, 25585]], "confusion_matrix_true_normed": [[0.8096800806673389, 0.1903199193326611], [0.347887036753836, 0.6521129632461641]], "confusion_matrix_pred_normed": [[0.7639112310380018, 0.288633709614636], [0.23608876896199818, 0.7113662903853639]], "confusion_matrix_all_normed": [[0.47093699015771123, 0.11069642457266553], [0.14554431162627027, 0.272822273643353]]}}
