{"log_loss": 0.5029982535604699, "accuracy": 0.7437592638010642, "balanced_accuracy": 0.7308965219567515, "recall": 0.6521129632461641, "precision": 0.7113662903853639, "f1_score": 0.6804521276595744, "AUC": 0.8236451884834848, "jaccard_weighted": 0.5156706641136753, "matthews_weighted": 0.4684867696336378, "hamming_loss": 0.2562407361989358, "confusion_matrix": [[44164, 10381], [13649, 25585]], "confusion_matrix_true_normed": [[0.8096800806673389, 0.1903199193326611], [0.347887036753836, 0.6521129632461641]], "confusion_matrix_pred_normed": [[0.7639112310380018, 0.288633709614636], [0.23608876896199818, 0.7113662903853639]], "confusion_matrix_all_normed": [[0.47093699015771123, 0.11069642457266553], [0.14554431162627027, 0.272822273643353]]}
