{"log_loss": 0.46255484372538, "accuracy": 0.7717932586186673, "balanced_accuracy": 0.7650660043583828, "recall": 0.7238619564663302, "precision": 0.7288218235943233, "f1_score": 0.7263334228462551, "AUC": 0.8561723280966169, "jaccard_weighted": 0.5702696732997329, "matthews_weighted": 0.5306479414614851, "hamming_loss": 0.2282067413813327, "confusion_matrix": [[43978, 10567], [10834, 28400]], "confusion_matrix_true_normed": [[0.8062700522504355, 0.1937299477495646], [0.2761380435336698, 0.7238619564663302]], "confusion_matrix_pred_normed": [[0.8023425527256806, 0.2711781764056766], [0.1976574472743195, 0.7288218235943233]], "confusion_matrix_all_normed": [[0.46895360368526, 0.1126798110451167], [0.115526930336216, 0.30283965493340725]]}
