{"last_epoch": 48, "log_dir": "../../results/optimizer_selection/Adagrad_0.001_ReduceLROnPlateau/lightning_logs/version_0", "ckpt_path": "/home/gwatk/Documents/MVA/DL/NLP_Assemblee/results/optimizer_selection/Adagrad_0.001_ReduceLROnPlateau/lightning_logs/epoch=48-step=14994.ckpt", "total_parameters": 6641666, "trainable_parameters": 2363906, "model_size": 26.566664, "hparams": {"optimizer_type": "Adagrad", "learning_rate": 0.001, "optimizer_kwargs": {}, "scheduler_kwargs": {"scheduler": "ReduceLROnPlateau", "mode": "min", "factor": 0.1, "patience": 3, "monitor": "val_loss"}, "criterion_type": "CrossEntropyLoss", "batch_size": 512, "loader_kwargs": {"root": "../../data/precomputed/camembert-base", "text_vars": ["intervention", "titre_regexed", "contexte"], "use_features": true, "label_var": "label", "drop_center": true, "num_workers": 12, "prefetch_factor": 4, "pin_memory": true}}, "NUM_CLASSES": 2, "INPUT_DIM": 768, "HIDDEN_DIM": 768, "MIN_DELTA": 0.001, "time_elapsed": 437.26304297099705, "metrics": {"log_loss": 0.5589942303829919, "accuracy": 0.7059789505113085, "balanced_accuracy": 0.6882019668773616, "recall": 0.5793189580465923, "precision": 0.6725153120099417, "f1_score": 0.6224480015335953, "AUC": 0.7723908276158712, "jaccard_weighted": 0.4518508210409129, "matthews_weighted": 0.38673490677407, "hamming_loss": 0.2940210494886915, "confusion_matrix": [[43477, 11068], [16505, 22729]], "confusion_matrix_true_normed": [[0.7970849757081309, 0.2029150242918691], [0.4206810419534078, 0.5793189580465923]], "confusion_matrix_pred_normed": [[0.7248341169017372, 0.3274846879900583], [0.2751658830982628, 0.6725153120099417]], "confusion_matrix_all_normed": [[0.46361125625139954, 0.11802215847897717], [0.17599889100971433, 0.24236769425990892]]}}
