{"log_loss": 0.5589942303829919, "accuracy": 0.7059789505113085, "balanced_accuracy": 0.6882019668773616, "recall": 0.5793189580465923, "precision": 0.6725153120099417, "f1_score": 0.6224480015335953, "AUC": 0.7723908276158712, "jaccard_weighted": 0.4518508210409129, "matthews_weighted": 0.38673490677407, "hamming_loss": 0.2940210494886915, "confusion_matrix": [[43477, 11068], [16505, 22729]], "confusion_matrix_true_normed": [[0.7970849757081309, 0.2029150242918691], [0.4206810419534078, 0.5793189580465923]], "confusion_matrix_pred_normed": [[0.7248341169017372, 0.3274846879900583], [0.2751658830982628, 0.6725153120099417]], "confusion_matrix_all_normed": [[0.46361125625139954, 0.11802215847897717], [0.17599889100971433, 0.24236769425990892]]}
