{"last_epoch": 17, "log_dir": "../../results/new_features/3_1024_0.2_0.1_itc/lightning_logs/version_0", "ckpt_path": "/home/gwatk/Documents/MVA/DL/NLP_Assemblee/results/new_features/3_1024_0.2_0.1_itc/lightning_logs/epoch=17-step=5508.ckpt", "total_parameters": 8741378, "trainable_parameters": 4463618, "model_size": 34.965512, "hparams": {"optimizer_type": "Adam", "learning_rate": 0.0005, "optimizer_kwargs": {}, "scheduler_kwargs": {"monitor": "val_loss"}, "criterion_type": "CrossEntropyLoss", "batch_size": 512, "loader_kwargs": {"root": "../../data/precomputed/camembert-base", "text_vars": ["intervention", "titre_regexed", "contexte"], "use_features": true, "label_var": "label", "drop_center": true, "num_workers": 12, "prefetch_factor": 4, "pin_memory": true}}, "NUM_CLASSES": 2, "INPUT_DIM": 768, "HIDDEN_DIM": 1024, "MIN_DELTA": 0.001, "time_elapsed": 317.1329086800001, "metrics": {"log_loss": 0.500060732594158, "accuracy": 0.7451881551306796, "balanced_accuracy": 0.7307690667519594, "recall": 0.6424529744609268, "precision": 0.7186519929292353, "f1_score": 0.6784195510577596, "AUC": 0.8245663973292792, "jaccard_weighted": 0.5133395788358927, "matthews_weighted": 0.47052874642628656, "hamming_loss": 0.2548118448693204, "confusion_matrix": [[44677, 9868], [14028, 25206]], "confusion_matrix_true_normed": [[0.8190851590429921, 0.18091484095700797], [0.35754702553907325, 0.6424529744609268]], "confusion_matrix_pred_normed": [[0.7610425006387872, 0.2813480070707647], [0.23895749936121286, 0.7186519929292353]], "confusion_matrix_all_normed": [[0.47640729800914916, 0.10522611672122757], [0.14958572814809284, 0.2687808571215304]]}}
