{"log_loss": 0.500060732594158, "accuracy": 0.7451881551306796, "balanced_accuracy": 0.7307690667519594, "recall": 0.6424529744609268, "precision": 0.7186519929292353, "f1_score": 0.6784195510577596, "AUC": 0.8245663973292792, "jaccard_weighted": 0.5133395788358927, "matthews_weighted": 0.47052874642628656, "hamming_loss": 0.2548118448693204, "confusion_matrix": [[44677, 9868], [14028, 25206]], "confusion_matrix_true_normed": [[0.8190851590429921, 0.18091484095700797], [0.35754702553907325, 0.6424529744609268]], "confusion_matrix_pred_normed": [[0.7610425006387872, 0.2813480070707647], [0.23895749936121286, 0.7186519929292353]], "confusion_matrix_all_normed": [[0.47640729800914916, 0.10522611672122757], [0.14958572814809284, 0.2687808571215304]]}
