{"log_loss": 0.8191126313960776, "accuracy": 0.6145023470734927, "balanced_accuracy": 0.49083396575392274, "recall_weighted": 0.6145023470734927, "recall_micro": 0.6145023470734927, "recall_macro": 0.49083396575392274, "precision_weighted": 0.599249392011295, "precision_micro": 0.6145023470734927, "precision_macro": 0.5725299184521995, "f1_score_weighted": 0.5861612345673501, "f1_score_micro": 0.6145023470734927, "f1_score_macro": 0.4903289769900949, "AUC_weighted_ovr": 0.756028173608278, "AUC_macro_ovr": 0.7579464176769509, "AUC_weighted_ovo": 0.7524325544498298, "AUC_macro_ovo": 0.7518041171679056, "jaccard_weighted": 0.43152254532071266, "jaccard_micro": 0.4435246395224955, "jaccard_macro": 0.3514114298985162, "matthews_weighted": 0.3206154216300174, "hamming_loss": 0.3854976529265073, "confusion_matrix": [[42628, 1174, 10743], [9896, 1733, 3664], [15890, 680, 22664]], "confusion_matrix_true_normed": [[0.7815198459987167, 0.021523512695939134, 0.1969566413053442], [0.6470934414437978, 0.113319819525273, 0.2395867390309292], [0.4050058622623235, 0.017331905999898048, 0.5776622317377784]], "confusion_matrix_pred_normed": [[0.6230888414651972, 0.3272930025090605, 0.2897952577486445], [0.14464875610255212, 0.4831335377752997, 0.09883736613525397], [0.23226240243225071, 0.1895734597156398, 0.6113673761161015]], "confusion_matrix_all_normed": [[0.39082440956432446, 0.010763532345606572, 0.09849457239254804], [0.09072905970368197, 0.015888587355141558, 0.03359248936482324], [0.14568358515476015, 0.006234413965087282, 0.2077893501540267]]}
