{"last_epoch": 87, "log_dir": "../../results/new_features/ITC_Features_Attn_8H_0.2_0.0/lightning_logs/version_0", "ckpt_path": "/home/gwatk/Documents/MVA/DL/NLP_Assemblee/results/new_features/ITC_Features_Attn_8H_0.2_0.0/lightning_logs/epoch=87-step=26928.ckpt", "total_parameters": 12572754, "trainable_parameters": 8294994, "model_size": 50.291016, "hparams": {"optimizer_type": "Adam", "learning_rate": 0.0001, "optimizer_kwargs": {}, "scheduler_kwargs": {"scheduler": "ReduceLROnPlateau", "factor": 0.5, "monitor": "val_loss", "patience": 3}, "criterion_type": "CrossEntropyLoss", "batch_size": 512, "loader_kwargs": {"root": "../../data/precomputed/camembert-base", "text_vars": ["intervention", "titre_regexed", "contexte"], "use_features": true, "label_var": "label", "drop_center": true, "num_workers": 12, "prefetch_factor": 4, "pin_memory": true}}, "NUM_CLASSES": 2, "INPUT_DIM": 768, "HIDDEN_DIM": 768, "MIN_DELTA": 0.001, "time_elapsed": 1011.4720147870003, "metrics": {"log_loss": 0.4714341925213114, "accuracy": 0.7617910193113597, "balanced_accuracy": 0.7507868382803209, "recall": 0.6833868583371565, "precision": 0.7299953715048054, "f1_score": 0.7059226202230033, "AUC": 0.8467371530189507, "jaccard_weighted": 0.5455026347378487, "matthews_weighted": 0.5068869687375565, "hamming_loss": 0.23820898068864033, "confusion_matrix": [[44628, 9917], [12422, 26812]], "confusion_matrix_true_normed": [[0.8181868182234852, 0.18181318177651482], [0.31661314166284343, 0.6833868583371565]], "confusion_matrix_pred_normed": [[0.7822611744084137, 0.2700046284951945], [0.21773882559158633, 0.7299953715048054]], "confusion_matrix_all_normed": [[0.47588479297070774, 0.10574862175966901], [0.13246035892897132, 0.28590622634065194]]}}
