{"log_loss": 0.4714341925213114, "accuracy": 0.7617910193113597, "balanced_accuracy": 0.7507868382803209, "recall": 0.6833868583371565, "precision": 0.7299953715048054, "f1_score": 0.7059226202230033, "AUC": 0.8467371530189507, "jaccard_weighted": 0.5455026347378487, "matthews_weighted": 0.5068869687375565, "hamming_loss": 0.23820898068864033, "confusion_matrix": [[44628, 9917], [12422, 26812]], "confusion_matrix_true_normed": [[0.8181868182234852, 0.18181318177651482], [0.31661314166284343, 0.6833868583371565]], "confusion_matrix_pred_normed": [[0.7822611744084137, 0.2700046284951945], [0.21773882559158633, 0.7299953715048054]], "confusion_matrix_all_normed": [[0.47588479297070774, 0.10574862175966901], [0.13246035892897132, 0.28590622634065194]]}
