{"log_loss": 0.4753170825287484, "accuracy": 0.7647874257562994, "balanced_accuracy": 0.7514488346509784, "recall": 0.6697507264107662, "precision": 0.742749731471536, "f1_score": 0.7043639092907307, "AUC": 0.8494546350960802, "jaccard_weighted": 0.5436433226440468, "matthews_weighted": 0.5118133493796778, "hamming_loss": 0.23521257424370062, "confusion_matrix": [[45444, 9101], [12957, 26277]], "confusion_matrix_true_normed": [[0.8331469428911907, 0.16685305710880924], [0.33024927358923384, 0.6697507264107662]], "confusion_matrix_pred_normed": [[0.7781373606616325, 0.257250268528464], [0.2218626393383675, 0.742749731471536]], "confusion_matrix_all_normed": [[0.48458610136597746, 0.09704731336439928], [0.13816526087930134, 0.2802013243903219]]}
