{"log_loss": 16.76168707822413, "accuracy": 0.5137930666780409, "balanced_accuracy": 0.5004956599604771, "recall": 0.4190498037416526, "precision": 0.41894302313729487, "f1_score": 0.4189964066362547, "AUC": 0.5016754913332456, "jaccard_weighted": 0.2650192626980673, "matthews_weighted": 0.0009912844834741408, "hamming_loss": 0.4862069333219591, "confusion_matrix": [[31742, 22803], [22793, 16441]], "confusion_matrix_true_normed": [[0.5819415161793015, 0.4180584838206985], [0.5809501962583473, 0.4190498037416526]], "confusion_matrix_pred_normed": [[0.5820482259099661, 0.5810569768627051], [0.4179517740900339, 0.41894302313729487]], "confusion_matrix_all_normed": [[0.3384766312287399, 0.24315678350163683], [0.24305014982032225, 0.175316435449301]]}
