{"log_loss": 20.805850853117317, "accuracy": 0.39964427167375677, "balanced_accuracy": 0.3345897861489057, "recall_weighted": 0.39964427167375677, "recall_micro": 0.39964427167375677, "recall_macro": 0.3345897861489057, "precision_weighted": 0.3998261411859027, "precision_micro": 0.39964427167375677, "precision_macro": 0.334586356530703, "f1_score_weighted": 0.3997350623350661, "f1_score_micro": 0.3996442716737567, "f1_score_macro": 0.3345878822892492, "AUC_weighted_ovr": 0.4990931076705783, "AUC_macro_ovr": 0.49940946771647726, "AUC_weighted_ovo": 0.49950181200095983, "AUC_macro_ovo": 0.49956764773942686, "jaccard_weighted": 0.2565774347953779, "jaccard_micro": 0.24972214901978756, "jaccard_macro": 0.21011532938475172, "matthews_weighted": 0.0011587670367345176, "hamming_loss": 0.6003557283262432, "confusion_matrix": [[27283, 7596, 19666], [7610, 2204, 5479], [19588, 5543, 14103]], "confusion_matrix_true_normed": [[0.50019250160418, 0.1392611605096709, 0.36054633788614904], [0.49761328712482833, 0.1441182240240633, 0.35826848885110835], [0.49926084518529845, 0.14128052199622776, 0.3594586328184738]], "confusion_matrix_pred_normed": [[0.5007800884712101, 0.4950791892068044, 0.5010701182225846], [0.13968172390374625, 0.14364856938017337, 0.13959947003668977], [0.3595381876250436, 0.3612722414130222, 0.35933041174072566]], "confusion_matrix_all_normed": [[0.2501375238374652, 0.06964207129235735, 0.1803029191726566], [0.06977042687399149, 0.020206835851547603, 0.05023287369810767], [0.17958779521783777, 0.05081964207129236, 0.12929991198474403]]}
