{"log_loss": 20.692803112423245, "accuracy": 0.3978564617867097, "balanced_accuracy": 0.33293406358668703, "recall_weighted": 0.3978564617867097, "recall_micro": 0.3978564617867097, "recall_macro": 0.33293406358668703, "precision_weighted": 0.39823187913381936, "precision_micro": 0.3978564617867097, "precision_macro": 0.3329351400389458, "f1_score_weighted": 0.3980424103921954, "f1_score_micro": 0.3978564617867097, "f1_score_macro": 0.3329331858594003, "AUC_weighted_ovr": 0.501692333865011, "AUC_macro_ovr": 0.5011470755722985, "AUC_weighted_ovo": 0.5010849390148822, "AUC_macro_ovo": 0.5008744464259423, "jaccard_weighted": 0.255211139332016, "jaccard_micro": 0.2483276013024395, "jaccard_macro": 0.20888117473061882, "matthews_weighted": -0.001498214809917962, "hamming_loss": 0.6021435382132903, "confusion_matrix": [[27132, 7597, 19816], [7604, 2177, 5512], [19586, 5562, 14086]], "confusion_matrix_true_normed": [[0.49742414520121003, 0.1392794939957833, 0.3632963608030067], [0.49722095076178646, 0.14235271039037467, 0.36042633884783887], [0.49920986899118114, 0.14176479584034257, 0.35902533516847634]], "confusion_matrix_pred_normed": [[0.4994661463127278, 0.49537037037037035, 0.5027655147916984], [0.13998011855233608, 0.14195357329160146, 0.13984878469579337], [0.3605537351349361, 0.3626760563380282, 0.35738570051250823]], "confusion_matrix_all_normed": [[0.24875311720698254, 0.06965123954818836, 0.1816781575473082], [0.06971541733900542, 0.01995929294411031, 0.050535426140531026], [0.17956945870617574, 0.05099383893208156, 0.12914405163561685]]}
