{"last_epoch": 6, "log_dir": "../../results/new_features/ITC_Features_Attn_4Hx4@256_LN_BS@256_FF_0.2_AdamW@0.0001_ExpLR@0.85/lightning_logs/version_0", "ckpt_path": "/home/gwatk/Documents/MVA/DL/NLP_Assemblee/results/new_features/ITC_Features_Attn_4Hx4@256_LN_BS@256_FF_0.2_AdamW@0.0001_ExpLR@0.85/lightning_logs/epoch=6-step=4277.ckpt", "total_parameters": 7089794, "trainable_parameters": 2812034, "model_size": 28.359175999999998, "hparams": {"optimizer_type": "AdamW", "learning_rate": 0.0001, "optimizer_kwargs": {"weight_decay": 0.01}, "scheduler_kwargs": {"scheduler": "ExponentialLR", "gamma": 0.9}, "criterion_type": "CrossEntropyLoss", "batch_size": 256, "loader_kwargs": {"root": "../../data/precomputed/camembert-base", "text_vars": ["intervention", "titre_regexed", "contexte"], "use_features": true, "label_var": "label", "drop_center": true, "num_workers": 12, "prefetch_factor": 4, "pin_memory": true}}, "NUM_CLASSES": 2, "INPUT_DIM": 768, "HIDDEN_DIM": 256, "MIN_DELTA": 0.0, "time_elapsed": 734.1359114799998, "metrics": {"log_loss": 0.5094697869975029, "accuracy": 0.7382356391089689, "balanced_accuracy": 0.7283016869484771, "recall": 0.6674567976754856, "precision": 0.6948365527488856, "f1_score": 0.6808715322014509, "AUC": 0.8184915268000039, "jaccard_weighted": 0.5161525574061299, "matthews_weighted": 0.4594092615016122, "hamming_loss": 0.26176436089103106, "confusion_matrix": [[43044, 11501], [13047, 26187]], "confusion_matrix_true_normed": [[0.7891465762214686, 0.2108534237785315], [0.33254320232451445, 0.6674567976754856]], "confusion_matrix_pred_normed": [[0.7673958389046371, 0.30516344725111444], [0.2326041610953629, 0.6948365527488856]], "confusion_matrix_all_normed": [[0.4589940178504783, 0.12263939687989849], [0.13912496401113256, 0.2792416212584907]]}}
