{"log_loss": 0.5094697869975029, "accuracy": 0.7382356391089689, "balanced_accuracy": 0.7283016869484771, "recall": 0.6674567976754856, "precision": 0.6948365527488856, "f1_score": 0.6808715322014509, "AUC": 0.8184915268000039, "jaccard_weighted": 0.5161525574061299, "matthews_weighted": 0.4594092615016122, "hamming_loss": 0.26176436089103106, "confusion_matrix": [[43044, 11501], [13047, 26187]], "confusion_matrix_true_normed": [[0.7891465762214686, 0.2108534237785315], [0.33254320232451445, 0.6674567976754856]], "confusion_matrix_pred_normed": [[0.7673958389046371, 0.30516344725111444], [0.2326041610953629, 0.6948365527488856]], "confusion_matrix_all_normed": [[0.4589940178504783, 0.12263939687989849], [0.13912496401113256, 0.2792416212584907]]}
