{"last_epoch": 19, "log_dir": "../../results/optimizer_selection/AdamW_0.001_ExponentialLR-amsgrad/lightning_logs/version_0", "ckpt_path": "/home/gwatk/Documents/MVA/DL/NLP_Assemblee/results/optimizer_selection/AdamW_0.001_ExponentialLR-amsgrad/lightning_logs/epoch=19-step=6120.ckpt", "total_parameters": 6641666, "trainable_parameters": 2363906, "model_size": 26.566664, "hparams": {"optimizer_type": "AdamW", "learning_rate": 0.001, "optimizer_kwargs": {"amsgrad": true, "weight_decay": 0.01}, "scheduler_kwargs": {"scheduler": "ExponentialLR", "gamma": 0.92}, "criterion_type": "CrossEntropyLoss", "batch_size": 512, "loader_kwargs": {"root": "../../data/precomputed/camembert-base", "text_vars": ["intervention", "titre_regexed", "contexte"], "use_features": true, "label_var": "label", "drop_center": true, "num_workers": 12, "prefetch_factor": 4, "pin_memory": true}}, "NUM_CLASSES": 2, "INPUT_DIM": 768, "HIDDEN_DIM": 768, "MIN_DELTA": 0.001, "time_elapsed": 263.5677129809992, "metrics": {"log_loss": 0.4911186775918859, "accuracy": 0.7531110376523529, "balanced_accuracy": 0.742076629822453, "recall": 0.6744915124636794, "precision": 0.7182249966074095, "f1_score": 0.695671604516358, "AUC": 0.8347551719563849, "jaccard_weighted": 0.5333561754272815, "matthews_weighted": 0.4890086013343393, "hamming_loss": 0.24688896234764712, "confusion_matrix": [[44163, 10382], [12771, 26463]], "confusion_matrix_true_normed": [[0.8096617471812265, 0.19033825281877348], [0.32550848753632056, 0.6744915124636794]], "confusion_matrix_pred_normed": [[0.7756876383180524, 0.2817750033925906], [0.22431236168194751, 0.7182249966074095]], "confusion_matrix_all_normed": [[0.47092632678957974, 0.11070708794079698], [0.13618187440685015, 0.28218471086277314]]}}
