{"log_loss": 0.4911186775918859, "accuracy": 0.7531110376523529, "balanced_accuracy": 0.742076629822453, "recall": 0.6744915124636794, "precision": 0.7182249966074095, "f1_score": 0.695671604516358, "AUC": 0.8347551719563849, "jaccard_weighted": 0.5333561754272815, "matthews_weighted": 0.4890086013343393, "hamming_loss": 0.24688896234764712, "confusion_matrix": [[44163, 10382], [12771, 26463]], "confusion_matrix_true_normed": [[0.8096617471812265, 0.19033825281877348], [0.32550848753632056, 0.6744915124636794]], "confusion_matrix_pred_normed": [[0.7756876383180524, 0.2817750033925906], [0.22431236168194751, 0.7182249966074095]], "confusion_matrix_all_normed": [[0.47092632678957974, 0.11070708794079698], [0.13618187440685015, 0.28218471086277314]]}
