{
  "log_loss": 17.26653825441263,
  "accuracy": 0.5000825143024791,
  "balanced_accuracy": 0.3333333333333333,
  "recall_weighted": 0.5000825143024791,
  "recall_micro": 0.5000825143024791,
  "recall_macro": 0.3333333333333333,
  "precision_weighted": 0.2500825211110892,
  "precision_micro": 0.5000825143024791,
  "precision_macro": 0.16669417143415968,
  "f1_score_weighted": 0.33342501992615337,
  "f1_score_micro": 0.5000825143024791,
  "f1_score_macro": 0.22224666955960157,
  "AUC_weighted_ovr": 0.5,
  "AUC_macro_ovr": 0.5,
  "AUC_weighted_ovo": 0.5,
  "AUC_macro_ovo": 0.5,
  "jaccard_weighted": 0.2500825211110892,
  "jaccard_micro": 0.3334066834149353,
  "jaccard_macro": 0.16669417143415968,
  "matthews_weighted": 0.0,
  "hamming_loss": 0.4999174856975209
}
