{"last_epoch": 15, "log_dir": "../../results/new_features/ONLY_I_4_1024_0.2_0.0/lightning_logs/version_0", "ckpt_path": "/home/gwatk/Documents/MVA/DL/NLP_Assemblee/results/new_features/ONLY_I_4_1024_0.2_0.0/lightning_logs/epoch=15-step=9776.ckpt", "total_parameters": 3938306, "trainable_parameters": 3938306, "model_size": 15.753224, "hparams": {"optimizer_type": "Adam", "learning_rate": 0.0005, "optimizer_kwargs": {}, "scheduler_kwargs": {"scheduler": "ReduceLROnPlateau", "factor": 0.5, "monitor": "val_loss", "patience": 3}, "criterion_type": "CrossEntropyLoss", "batch_size": 256, "loader_kwargs": {"root": "../../data/precomputed/camembert-base", "text_vars": ["intervention"], "use_features": true, "label_var": "label", "drop_center": true, "num_workers": 12, "prefetch_factor": 4, "pin_memory": true}}, "NUM_CLASSES": 2, "INPUT_DIM": 768, "HIDDEN_DIM": 1024, "MIN_DELTA": 0.001, "time_elapsed": 485.80473486200026, "metrics": {"log_loss": 0.5557970264524295, "accuracy": 0.70650145554975, "balanced_accuracy": 0.684100804725275, "recall": 0.5468980985879595, "precision": 0.687636200487117, "f1_score": 0.6092450097958488, "AUC": 0.7750656754827259, "jaccard_weighted": 0.4380678222167779, "matthews_weighted": 0.3854684927627242, "hamming_loss": 0.29349854445025003, "confusion_matrix": [[44798, 9747], [17777, 21457]], "confusion_matrix_true_normed": [[0.8213035108625906, 0.1786964891374095], [0.4531019014120406, 0.5468980985879595]], "confusion_matrix_pred_normed": [[0.7159089093088294, 0.31236379951288296], [0.2840910906911706, 0.687636200487117]], "confusion_matrix_all_normed": [[0.4776975655530556, 0.10393584917732115], [0.1895626952729289, 0.22880388999669435]]}}
