{"log_loss": 0.5557970264524295, "accuracy": 0.70650145554975, "balanced_accuracy": 0.684100804725275, "recall": 0.5468980985879595, "precision": 0.687636200487117, "f1_score": 0.6092450097958488, "AUC": 0.7750656754827259, "jaccard_weighted": 0.4380678222167779, "matthews_weighted": 0.3854684927627242, "hamming_loss": 0.29349854445025003, "confusion_matrix": [[44798, 9747], [17777, 21457]], "confusion_matrix_true_normed": [[0.8213035108625906, 0.1786964891374095], [0.4531019014120406, 0.5468980985879595]], "confusion_matrix_pred_normed": [[0.7159089093088294, 0.31236379951288296], [0.2840910906911706, 0.687636200487117]], "confusion_matrix_all_normed": [[0.4776975655530556, 0.10393584917732115], [0.1895626952729289, 0.22880388999669435]]}
