{"last_epoch": 9, "log_dir": "../../results/lm_model_selection/camembert-base_unfrozen/lightning_logs/version_0", "ckpt_path": "/home/gwatk/Documents/MVA/DL/NLP_Assemblee/results/lm_model_selection/camembert-base_unfrozen/lightning_logs/epoch=9-step=3060.ckpt", "total_parameters": 7691778, "trainable_parameters": 7691778, "model_size": 30.767111999999997, "hparams": {"optimizer_type": "Adam", "learning_rate": 0.005, "optimizer_kwargs": {"weight_decay": 0.0001}, "scheduler_kwargs": {"monitor": "val_loss"}, "criterion_type": "CrossEntropyLoss", "batch_size": 512, "loader_kwargs": {"root": "../../data/precomputed/camembert-base", "text_vars": ["intervention", "titre_regexed", "contexte"], "use_features": true, "label_var": "label", "drop_center": true, "num_workers": 12, "prefetch_factor": 4, "pin_memory": true}}, "NUM_CLASSES": 2, "INPUT_DIM": 768, "HIDDEN_DIM": 1024, "MIN_DELTA": 0.001, "time_elapsed": 173.30811375199846, "metrics": {"log_loss": 0.5192585956763252, "accuracy": 0.7283506968511074, "balanced_accuracy": 0.7147958884729844, "recall": 0.6317734617933425, "precision": 0.692084322211364, "f1_score": 0.6605551039987209, "AUC": 0.8062381821992914, "jaccard_weighted": 0.4931558632764315, "matthews_weighted": 0.4361672719903336, "hamming_loss": 0.27164930314889263, "confusion_matrix": [[43517, 11028], [14447, 24787]], "confusion_matrix_true_normed": [[0.7978183151526262, 0.20218168484737373], [0.3682265382066575, 0.6317734617933425]], "confusion_matrix_pred_normed": [[0.7507590918501139, 0.30791567778863604], [0.24924090814988614, 0.692084322211364]], "confusion_matrix_all_normed": [[0.46403779097665787, 0.11759562375371885], [0.15405367939517375, 0.2643129058744495]]}}
