{"last_epoch": 41, "log_dir": "../../results/new_features/4_1024_0.2_0.3/lightning_logs/version_0", "ckpt_path": "/home/gwatk/Documents/MVA/DL/NLP_Assemblee/results/new_features/4_1024_0.2_0.3/lightning_logs/epoch=41-step=12852.ckpt", "total_parameters": 3938306, "trainable_parameters": 3938306, "model_size": 15.753224, "hparams": {"optimizer_type": "Adam", "learning_rate": 0.0005, "optimizer_kwargs": {}, "scheduler_kwargs": {"scheduler": "ReduceLROnPlateau", "factor": 0.5, "monitor": "val_loss", "patience": 3}, "criterion_type": "CrossEntropyLoss", "batch_size": 512, "loader_kwargs": {"root": "../../data/precomputed/camembert-base", "text_vars": ["intervention"], "use_features": true, "label_var": "label", "drop_center": true, "num_workers": 12, "prefetch_factor": 4, "pin_memory": true}}, "NUM_CLASSES": 2, "INPUT_DIM": 768, "HIDDEN_DIM": 1024, "MIN_DELTA": 0.001, "time_elapsed": 452.294700294, "metrics": {"log_loss": 0.6369641588091813, "accuracy": 0.6339798888877041, "balanced_accuracy": 0.6006624148249782, "recall": 0.3965947902329612, "precision": 0.59364388996986, "f1_score": 0.4755137902055161, "AUC": 0.6657232337142427, "jaccard_weighted": 0.31191741004309914, "matthews_weighted": 0.2213063013461581, "hamming_loss": 0.36602011111229593, "confusion_matrix": [[43894, 10651], [23674, 15560]], "confusion_matrix_true_normed": [[0.8047300394169952, 0.19526996058300486], [0.6034052097670388, 0.3965947902329612]], "confusion_matrix_pred_normed": [[0.6496270423869287, 0.40635611003014], [0.3503729576130713, 0.59364388996986]], "confusion_matrix_all_normed": [[0.46805788076221755, 0.11357553396815918], [0.25244457714413676, 0.16592200812548652]]}}
