{"log_loss": 0.6369641588091813, "accuracy": 0.6339798888877041, "balanced_accuracy": 0.6006624148249782, "recall": 0.3965947902329612, "precision": 0.59364388996986, "f1_score": 0.4755137902055161, "AUC": 0.6657232337142427, "jaccard_weighted": 0.31191741004309914, "matthews_weighted": 0.2213063013461581, "hamming_loss": 0.36602011111229593, "confusion_matrix": [[43894, 10651], [23674, 15560]], "confusion_matrix_true_normed": [[0.8047300394169952, 0.19526996058300486], [0.6034052097670388, 0.3965947902329612]], "confusion_matrix_pred_normed": [[0.6496270423869287, 0.40635611003014], [0.3503729576130713, 0.59364388996986]], "confusion_matrix_all_normed": [[0.46805788076221755, 0.11357553396815918], [0.25244457714413676, 0.16592200812548652]]}
