{"last_epoch": 15, "log_dir": "../../results/lm_model_selection/paraphrase-multilingual-mpnet-base-v2/lightning_logs/version_0", "ckpt_path": "/home/gwatk/Documents/MVA/DL/NLP_Assemblee/results/lm_model_selection/paraphrase-multilingual-mpnet-base-v2/lightning_logs/epoch=15-step=4896.ckpt", "total_parameters": 6641666, "trainable_parameters": 2363906, "model_size": 26.566664, "hparams": {"optimizer_type": "Adam", "learning_rate": 0.005, "optimizer_kwargs": {"weight_decay": 0.0001}, "scheduler_kwargs": {"monitor": "val_loss"}, "criterion_type": "CrossEntropyLoss", "batch_size": 512, "loader_kwargs": {"root": "../../data/precomputed/paraphrase-multilingual-mpnet-base-v2", "text_vars": ["intervention", "titre_regexed", "contexte"], "use_features": true, "label_var": "label", "drop_center": true, "num_workers": 12, "prefetch_factor": 4, "pin_memory": true}}, "time_elapsed": 149.9187967429989, "metrics": {"log_loss": 0.5532818383380911, "accuracy": 0.7057550197805479, "balanced_accuracy": 0.6792629533913428, "recall": 0.5170005607381353, "precision": 0.7011891592920354, "f1_score": 0.5951703295091105, "AUC": 0.7779311532409956, "jaccard_weighted": 0.42366013617945614, "matthews_weighted": 0.3829232769051428, "hamming_loss": 0.2942449802194521, "confusion_matrix": [[45901, 8644], [18950, 20284]], "confusion_matrix_true_normed": [[0.8415253460445504, 0.15847465395544963], [0.4829994392618647, 0.5170005607381353]], "confusion_matrix_pred_normed": [[0.7077917071440687, 0.2988108407079646], [0.2922082928559313, 0.7011891592920354]], "confusion_matrix_all_normed": [[0.48945926060205375, 0.09217415412832297], [0.20207082609112914, 0.2162957591784941]]}}
