{"log_loss": 0.5532818383380911, "accuracy": 0.7057550197805479, "balanced_accuracy": 0.6792629533913428, "recall": 0.5170005607381353, "precision": 0.7011891592920354, "f1_score": 0.5951703295091105, "AUC": 0.7779311532409956, "jaccard_weighted": 0.42366013617945614, "matthews_weighted": 0.3829232769051428, "hamming_loss": 0.2942449802194521, "confusion_matrix": [[45901, 8644], [18950, 20284]], "confusion_matrix_true_normed": [[0.8415253460445504, 0.15847465395544963], [0.4829994392618647, 0.5170005607381353]], "confusion_matrix_pred_normed": [[0.7077917071440687, 0.2988108407079646], [0.2922082928559313, 0.7011891592920354]], "confusion_matrix_all_normed": [[0.48945926060205375, 0.09217415412832297], [0.20207082609112914, 0.2162957591784941]]}
