{"last_epoch": 14, "log_dir": "../../results/new_features/2_768_0.2_0.05_itc_F/lightning_logs/version_1", "ckpt_path": "/home/gwatk/Documents/MVA/DL/NLP_Assemblee/results/new_features/2_768_0.2_0.05_itc_F/lightning_logs/epoch=14-step=4590.ckpt", "total_parameters": 6641666, "trainable_parameters": 2363906, "model_size": 26.566664, "hparams": {"optimizer_type": "AdamW", "learning_rate": 0.001, "optimizer_kwargs": {}, "scheduler_kwargs": {"scheduler": "ExponentialLR", "gamma": 0.93}, "criterion_type": "CrossEntropyLoss", "batch_size": 512, "loader_kwargs": {"root": "../../data/precomputed/camembert-base", "text_vars": ["intervention", "titre_regexed", "contexte"], "use_features": true, "label_var": "label", "drop_center": true, "num_workers": 12, "prefetch_factor": 4, "pin_memory": true}}, "NUM_CLASSES": 2, "INPUT_DIM": 768, "HIDDEN_DIM": 768, "MIN_DELTA": 0.001, "time_elapsed": 245.5403601299986, "metrics": {"log_loss": 0.49361449164662036, "accuracy": 0.7487283933503236, "balanced_accuracy": 0.738877889996588, "recall": 0.6785441198960086, "precision": 0.7085218502155746, "f1_score": 0.6932090407249244, "AUC": 0.8304770711494728, "jaccard_weighted": 0.5304666640098832, "matthews_weighted": 0.4809318343138298, "hamming_loss": 0.25127160664967635, "confusion_matrix": [[43593, 10952], [12612, 26622]], "confusion_matrix_true_normed": [[0.7992116600971675, 0.2007883399028325], [0.32145588010399145, 0.6785441198960086]], "confusion_matrix_pred_normed": [[0.7756071523885776, 0.2914781497844254], [0.22439284761142247, 0.7085218502155746]], "confusion_matrix_all_normed": [[0.4648482069546487, 0.11678520777572804], [0.13448639887394834, 0.2838801863956749]]}}
