{"last_epoch": 18, "log_dir": "../../results/lm_model_selection/distilbert-base-multilingual-cased_retest/lightning_logs/version_0", "ckpt_path": "/home/gwatk/Documents/MVA/DL/NLP_Assemblee/results/lm_model_selection/distilbert-base-multilingual-cased_retest/lightning_logs/epoch=18-step=5814.ckpt", "total_parameters": 6641666, "trainable_parameters": 2363906, "model_size": 26.566664, "hparams": {"optimizer_type": "Adam", "learning_rate": 0.005, "optimizer_kwargs": {"weight_decay": 0.0001}, "scheduler_kwargs": {"monitor": "val_loss"}, "criterion_type": "CrossEntropyLoss", "batch_size": 512, "loader_kwargs": {"root": "../../data/precomputed/distilbert-base-multilingual-cased", "text_vars": ["intervention", "titre_regexed", "contexte"], "use_features": true, "label_var": "label", "drop_center": true, "num_workers": 12, "prefetch_factor": 4, "pin_memory": true}}, "NUM_CLASSES": 2, "INPUT_DIM": 768, "HIDDEN_DIM": 768, "MIN_DELTA": 0.001, "time_elapsed": 316.198521934999, "metrics": {"log_loss": 0.5677703393251724, "accuracy": 0.6964352360336535, "balanced_accuracy": 0.6804806680809441, "recall": 0.5827598511495132, "precision": 0.6539671643498656, "f1_score": 0.6163135479001564, "AUC": 0.7620314563351, "jaccard_weighted": 0.4454141666017299, "matthews_weighted": 0.3682306068310651, "hamming_loss": 0.3035647639663464, "confusion_matrix": [[42447, 12098], [16370, 22864]], "confusion_matrix_true_normed": [[0.7782014850123751, 0.2217985149876249], [0.4172401488504868, 0.5827598511495132]], "confusion_matrix_pred_normed": [[0.7216791063808082, 0.34603283565013443], [0.2783208936191917, 0.6539671643498656]], "confusion_matrix_all_normed": [[0.45262798707599783, 0.12900542765437892], [0.1745593363119675, 0.24380724895765576]]}}
