{"last_epoch": 17, "log_dir": "../../results/lm_model_selection/paraphrase-multilingual-MiniLM-L12-v2/lightning_logs/version_0", "ckpt_path": "/home/gwatk/Documents/MVA/DL/NLP_Assemblee/results/lm_model_selection/paraphrase-multilingual-MiniLM-L12-v2/lightning_logs/epoch=17-step=5508.ckpt", "total_parameters": 3618050, "trainable_parameters": 1479170, "model_size": 14.472199999999999, "hparams": {"optimizer_type": "Adam", "learning_rate": 0.005, "optimizer_kwargs": {"weight_decay": 0.0001}, "scheduler_kwargs": {"monitor": "val_loss"}, "criterion_type": "CrossEntropyLoss", "batch_size": 512, "loader_kwargs": {"root": "../../data/precomputed/paraphrase-multilingual-MiniLM-L12-v2", "text_vars": ["intervention", "titre_regexed", "contexte"], "use_features": true, "label_var": "label", "drop_center": true, "num_workers": 12, "prefetch_factor": 4, "pin_memory": true}}, "time_elapsed": 184.30678412899942, "metrics": {"log_loss": 0.5592984369339344, "accuracy": 0.7019055438850915, "balanced_accuracy": 0.6840348922118913, "recall": 0.574578171993679, "precision": 0.6668145650309107, "f1_score": 0.6172697526047015, "AUC": 0.7694827462545383, "jaccard_weighted": 0.446413719355222, "matthews_weighted": 0.3781476020708844, "hamming_loss": 0.2980944561149085, "confusion_matrix": [[43281, 11264], [16691, 22543]], "confusion_matrix_true_normed": [[0.7934916124301036, 0.20650838756989642], [0.42542182800632106, 0.574578171993679]], "confusion_matrix_pred_normed": [[0.7216867871673448, 0.33318543496908926], [0.27831321283265525, 0.6668145650309107]], "confusion_matrix_all_normed": [[0.4615212360976338, 0.12011217863274294], [0.17798227748216552, 0.24038430778745776]]}}
