{"log_loss": 0.5592984369339344, "accuracy": 0.7019055438850915, "balanced_accuracy": 0.6840348922118913, "recall": 0.574578171993679, "precision": 0.6668145650309107, "f1_score": 0.6172697526047015, "AUC": 0.7694827462545383, "jaccard_weighted": 0.446413719355222, "matthews_weighted": 0.3781476020708844, "hamming_loss": 0.2980944561149085, "confusion_matrix": [[43281, 11264], [16691, 22543]], "confusion_matrix_true_normed": [[0.7934916124301036, 0.20650838756989642], [0.42542182800632106, 0.574578171993679]], "confusion_matrix_pred_normed": [[0.7216867871673448, 0.33318543496908926], [0.27831321283265525, 0.6668145650309107]], "confusion_matrix_all_normed": [[0.4615212360976338, 0.12011217863274294], [0.17798227748216552, 0.24038430778745776]]}
