{"log_loss": 0.5345022033795411, "accuracy": 0.719190863626185, "balanced_accuracy": 0.702761249922448, "recall": 0.6021308049141051, "precision": 0.6877838593222313, "f1_score": 0.642113560381615, "AUC": 0.7934085916536433, "jaccard_weighted": 0.4728772168621642, "matthews_weighted": 0.4152087300788908, "hamming_loss": 0.28080913637381505, "confusion_matrix": [[43821, 10724], [15610, 23624]], "confusion_matrix_true_normed": [[0.8033916949307911, 0.1966083050692089], [0.3978691950858949, 0.6021308049141051]], "confusion_matrix_pred_normed": [[0.7373424643704464, 0.3122161406777687], [0.2626575356295536, 0.6877838593222313]], "confusion_matrix_all_normed": [[0.4672794548886211, 0.11435395984175561], [0.1664551765320594, 0.25191140873756385]]}
