{"last_epoch": 48, "log_dir": "../../results/new_features/ITC_Features_Attn_4H_0.2_0.0/lightning_logs/version_0", "ckpt_path": "/home/gwatk/Documents/MVA/DL/NLP_Assemblee/results/new_features/ITC_Features_Attn_4H_0.2_0.0/lightning_logs/epoch=48-step=14994.ckpt", "total_parameters": 12572754, "trainable_parameters": 8294994, "model_size": 50.291016, "hparams": {"optimizer_type": "Adam", "learning_rate": 0.0001, "optimizer_kwargs": {}, "scheduler_kwargs": {"scheduler": "ReduceLROnPlateau", "factor": 0.5, "monitor": "val_loss", "patience": 3}, "criterion_type": "CrossEntropyLoss", "batch_size": 512, "loader_kwargs": {"root": "../../data/precomputed/camembert-base", "text_vars": ["intervention", "titre_regexed", "contexte"], "use_features": true, "label_var": "label", "drop_center": true, "num_workers": 12, "prefetch_factor": 4, "pin_memory": true}}, "NUM_CLASSES": 2, "INPUT_DIM": 768, "HIDDEN_DIM": 768, "MIN_DELTA": 0.001, "time_elapsed": 576.4377994719998, "metrics": {"log_loss": 0.49037501308102294, "accuracy": 0.7499866707898357, "balanced_accuracy": 0.7363250233165037, "recall": 0.6526482132843962, "precision": 0.7228432700993677, "f1_score": 0.6859546197326475, "AUC": 0.8326885050383186, "jaccard_weighted": 0.5220174508684661, "matthews_weighted": 0.48090648737698144, "hamming_loss": 0.25001332921016434, "confusion_matrix": [[44727, 9818], [13628, 25606]], "confusion_matrix_true_normed": [[0.8200018333486112, 0.17999816665138876], [0.3473517867156038, 0.6526482132843962]], "confusion_matrix_pred_normed": [[0.7664638848427727, 0.27715672990063234], [0.2335361151572273, 0.7228432700993677]], "confusion_matrix_all_normed": [[0.4769404664157221, 0.10469294831465467], [0.14532038089550967, 0.2730462043741136]]}}
