{"log_loss": 0.49037501308102294, "accuracy": 0.7499866707898357, "balanced_accuracy": 0.7363250233165037, "recall": 0.6526482132843962, "precision": 0.7228432700993677, "f1_score": 0.6859546197326475, "AUC": 0.8326885050383186, "jaccard_weighted": 0.5220174508684661, "matthews_weighted": 0.48090648737698144, "hamming_loss": 0.25001332921016434, "confusion_matrix": [[44727, 9818], [13628, 25606]], "confusion_matrix_true_normed": [[0.8200018333486112, 0.17999816665138876], [0.3473517867156038, 0.6526482132843962]], "confusion_matrix_pred_normed": [[0.7664638848427727, 0.27715672990063234], [0.2335361151572273, 0.7228432700993677]], "confusion_matrix_all_normed": [[0.4769404664157221, 0.10469294831465467], [0.14532038089550967, 0.2730462043741136]]}
