model,last_epoch,trainable_parameters,model_size,log_loss,accuracy,recall,precision,f1_score,AUC,optimizer_type,learning_rate
Features+Profession (3L@1024),19,5251074,39.05844,0.09648242709876081,0.9615798846223568,0.952515675179691,0.955511237247833,0.9540111047290828,0.9946928966544977,AdamW,0.001
Transformer Head (4H+3L@384),49,4602450,35.52084,0.46255484372538,0.7717932586186673,0.7238619564663302,0.7288218235943233,0.7263334228462551,0.8561723280966169,AdamW,0.0005
Transformer Head (4H+2L@256),14,1724498,24.009031999999998,0.46748832141866403,0.7675918915748728,0.6815262272518734,0.7419462249230001,0.7104539476306246,0.8528713036424034,AdamW,0.0005
Transformer Head (8H+2L@256),21,1719978,23.990952,0.4753170825287484,0.7647874257562994,0.6697507264107662,0.742749731471536,0.7043639092907307,0.8494546350960802,AdamW,0.0001
Features+Concat (3L@384),14,3118210,29.583879999999997,0.49150190311603686,0.7509570372897983,0.6620788091961054,0.7200953621822416,0.68986946764577,0.8312481714819544,AdamW,0.001
Standard (3L@1024),14,8741378,34.965512,0.5021675769521544,0.7483445120975911,0.6990875261252995,0.6993014124725919,0.6991944529417763,0.8312399425812449,Adam,0.0005
Only Intervenions (4L@1024),15,3938306,15.753224,0.5557970264524295,0.70650145554975,0.5468980985879595,0.687636200487117,0.6092450097958488,0.7750656754827259,Adam,0.0005
